"";"serie";"fecha";"valor";"año";"trimestre";"mes";"fecha_scraping"
"1";"Región de Arica y Parinacota";"2013-3-1";285;2013;1;3;2026-10-02
"2";"Región de Arica y Parinacota";"2013-6-1";317;2013;2;6;2026-10-02
"3";"Región de Arica y Parinacota";"2013-9-1";344;2013;3;9;2026-10-02
"4";"Región de Arica y Parinacota";"2013-12-1";334;2013;4;12;2026-10-02
"5";"Región de Arica y Parinacota";"2014-3-1";293;2014;1;3;2026-10-02
"6";"Región de Arica y Parinacota";"2014-6-1";340;2014;2;6;2026-10-02
"7";"Región de Arica y Parinacota";"2014-9-1";329;2014;3;9;2026-10-02
"8";"Región de Arica y Parinacota";"2014-12-1";344;2014;4;12;2026-10-02
"9";"Región de Arica y Parinacota";"2015-3-1";297;2015;1;3;2026-10-02
"10";"Región de Arica y Parinacota";"2015-6-1";329;2015;2;6;2026-10-02
"11";"Región de Arica y Parinacota";"2015-9-1";354;2015;3;9;2026-10-02
"12";"Región de Arica y Parinacota";"2015-12-1";358;2015;4;12;2026-10-02
"13";"Región de Arica y Parinacota";"2016-3-1";303;2016;1;3;2026-10-02
"14";"Región de Arica y Parinacota";"2016-6-1";328;2016;2;6;2026-10-02
"15";"Región de Arica y Parinacota";"2016-9-1";361;2016;3;9;2026-10-02
"16";"Región de Arica y Parinacota";"2016-12-1";361;2016;4;12;2026-10-02
"17";"Región de Arica y Parinacota";"2017-3-1";319;2017;1;3;2026-10-02
"18";"Región de Arica y Parinacota";"2017-6-1";353;2017;2;6;2026-10-02
"19";"Región de Arica y Parinacota";"2017-9-1";369;2017;3;9;2026-10-02
"20";"Región de Arica y Parinacota";"2017-12-1";368;2017;4;12;2026-10-02
"21";"Región de Arica y Parinacota";"2018-3-1";331;2018;1;3;2026-10-02
"22";"Región de Arica y Parinacota";"2018-6-1";347;2018;2;6;2026-10-02
"23";"Región de Arica y Parinacota";"2018-9-1";361;2018;3;9;2026-10-02
"24";"Región de Arica y Parinacota";"2018-12-1";393;2018;4;12;2026-10-02
"25";"Región de Arica y Parinacota";"2019-3-1";314;2019;1;3;2026-10-02
"26";"Región de Arica y Parinacota";"2019-6-1";357;2019;2;6;2026-10-02
"27";"Región de Arica y Parinacota";"2019-9-1";366;2019;3;9;2026-10-02
"28";"Región de Arica y Parinacota";"2019-12-1";382;2019;4;12;2026-10-02
"29";"Región de Arica y Parinacota";"2020-3-1";324;2020;1;3;2026-10-02
"30";"Región de Arica y Parinacota";"2020-6-1";305;2020;2;6;2026-10-02
"31";"Región de Arica y Parinacota";"2020-9-1";313;2020;3;9;2026-10-02
"32";"Región de Arica y Parinacota";"2020-12-1";386;2020;4;12;2026-10-02
"33";"Región de Arica y Parinacota";"2021-3-1";332;2021;1;3;2026-10-02
"34";"Región de Arica y Parinacota";"2021-6-1";385;2021;2;6;2026-10-02
"35";"Región de Arica y Parinacota";"2021-9-1";392;2021;3;9;2026-10-02
"36";"Región de Arica y Parinacota";"2021-12-1";443;2021;4;12;2026-10-02
"37";"Región de Arica y Parinacota";"2022-3-1";370;2022;1;3;2026-10-02
"38";"Región de Arica y Parinacota";"2022-6-1";426;2022;2;6;2026-10-02
"39";"Región de Arica y Parinacota";"2022-9-1";428;2022;3;9;2026-10-02
"40";"Región de Arica y Parinacota";"2022-12-1";440;2022;4;12;2026-10-02
"41";"Región de Arica y Parinacota";"2023-3-1";372;2023;1;3;2026-10-02
"42";"Región de Arica y Parinacota";"2023-6-1";406;2023;2;6;2026-10-02
"43";"Región de Arica y Parinacota";"2023-9-1";431;2023;3;9;2026-10-02
"44";"Región de Arica y Parinacota";"2023-12-1";475;2023;4;12;2026-10-02
"45";"Región de Arica y Parinacota";"2024-3-1";402;2024;1;3;2026-10-02
"46";"Región de Arica y Parinacota";"2024-6-1";435;2024;2;6;2026-10-02
"47";"Región de Arica y Parinacota";"2024-9-1";450;2024;3;9;2026-10-02
"48";"Región de Arica y Parinacota";"2024-12-1";477;2024;4;12;2026-10-02
"49";"Región de Arica y Parinacota";"2025-3-1";417;2025;1;3;2026-10-02
"50";"Región de Arica y Parinacota";"2025-6-1";461;2025;2;6;2026-10-02
"51";"Región de Arica y Parinacota";"2025-9-1";483;2025;3;9;2026-10-02
"52";"Región de Arica y Parinacota";"2025-12-1";496;2025;4;12;2026-10-02
"53";"Región de Arica y Parinacota";"2026-3-1";411;2026;1;3;2026-10-02
"54";"Región de Arica y Parinacota";"2026-6-1";439;2026;2;6;2026-10-02
"55";"Región de Tarapacá";"2013-3-1";826;2013;1;3;2026-10-02
"56";"Región de Tarapacá";"2013-6-1";937;2013;2;6;2026-10-02
"57";"Región de Tarapacá";"2013-9-1";1054;2013;3;9;2026-10-02
"58";"Región de Tarapacá";"2013-12-1";1151;2013;4;12;2026-10-02
"59";"Región de Tarapacá";"2014-3-1";984;2014;1;3;2026-10-02
"60";"Región de Tarapacá";"2014-6-1";999;2014;2;6;2026-10-02
"61";"Región de Tarapacá";"2014-9-1";957;2014;3;9;2026-10-02
"62";"Región de Tarapacá";"2014-12-1";1091;2014;4;12;2026-10-02
"63";"Región de Tarapacá";"2015-3-1";973;2015;1;3;2026-10-02
"64";"Región de Tarapacá";"2015-6-1";1033;2015;2;6;2026-10-02
"65";"Región de Tarapacá";"2015-9-1";949;2015;3;9;2026-10-02
"66";"Región de Tarapacá";"2015-12-1";1075;2015;4;12;2026-10-02
"67";"Región de Tarapacá";"2016-3-1";946;2016;1;3;2026-10-02
"68";"Región de Tarapacá";"2016-6-1";1012;2016;2;6;2026-10-02
"69";"Región de Tarapacá";"2016-9-1";980;2016;3;9;2026-10-02
"70";"Región de Tarapacá";"2016-12-1";985;2016;4;12;2026-10-02
"71";"Región de Tarapacá";"2017-3-1";989;2017;1;3;2026-10-02
"72";"Región de Tarapacá";"2017-6-1";995;2017;2;6;2026-10-02
"73";"Región de Tarapacá";"2017-9-1";1002;2017;3;9;2026-10-02
"74";"Región de Tarapacá";"2017-12-1";1096;2017;4;12;2026-10-02
"75";"Región de Tarapacá";"2018-3-1";1035;2018;1;3;2026-10-02
"76";"Región de Tarapacá";"2018-6-1";1075;2018;2;6;2026-10-02
"77";"Región de Tarapacá";"2018-9-1";1037;2018;3;9;2026-10-02
"78";"Región de Tarapacá";"2018-12-1";1206;2018;4;12;2026-10-02
"79";"Región de Tarapacá";"2019-3-1";1063;2019;1;3;2026-10-02
"80";"Región de Tarapacá";"2019-6-1";1124;2019;2;6;2026-10-02
"81";"Región de Tarapacá";"2019-9-1";1182;2019;3;9;2026-10-02
"82";"Región de Tarapacá";"2019-12-1";1202;2019;4;12;2026-10-02
"83";"Región de Tarapacá";"2020-3-1";1137;2020;1;3;2026-10-02
"84";"Región de Tarapacá";"2020-6-1";1043;2020;2;6;2026-10-02
"85";"Región de Tarapacá";"2020-9-1";1093;2020;3;9;2026-10-02
"86";"Región de Tarapacá";"2020-12-1";1119;2020;4;12;2026-10-02
"87";"Región de Tarapacá";"2021-3-1";1103;2021;1;3;2026-10-02
"88";"Región de Tarapacá";"2021-6-1";1223;2021;2;6;2026-10-02
"89";"Región de Tarapacá";"2021-9-1";1185;2021;3;9;2026-10-02
"90";"Región de Tarapacá";"2021-12-1";1282;2021;4;12;2026-10-02
"91";"Región de Tarapacá";"2022-3-1";1184;2022;1;3;2026-10-02
"92";"Región de Tarapacá";"2022-6-1";1242;2022;2;6;2026-10-02
"93";"Región de Tarapacá";"2022-9-1";1183;2022;3;9;2026-10-02
"94";"Región de Tarapacá";"2022-12-1";1245;2022;4;12;2026-10-02
"95";"Región de Tarapacá";"2023-3-1";1176;2023;1;3;2026-10-02
"96";"Región de Tarapacá";"2023-6-1";1191;2023;2;6;2026-10-02
"97";"Región de Tarapacá";"2023-9-1";1281;2023;3;9;2026-10-02
"98";"Región de Tarapacá";"2023-12-1";137;2023;4;12;2026-10-02
"99";"Región de Tarapacá";"2024-3-1";1283;2024;1;3;2026-10-02
"100";"Región de Tarapacá";"2024-6-1";1276;2024;2;6;2026-10-02
"101";"Región de Tarapacá";"2024-9-1";1293;2024;3;9;2026-10-02
"102";"Región de Tarapacá";"2024-12-1";1329;2024;4;12;2026-10-02
"103";"Región de Tarapacá";"2025-3-1";1079;2025;1;3;2026-10-02
"104";"Región de Tarapacá";"2025-6-1";1234;2025;2;6;2026-10-02
"105";"Región de Tarapacá";"2025-9-1";1176;2025;3;9;2026-10-02
"106";"Región de Tarapacá";"2025-12-1";126;2025;4;12;2026-10-02
"107";"Región de Tarapacá";"2026-3-1";1146;2026;1;3;2026-10-02
"108";"Región de Tarapacá";"2026-6-1";1179;2026;2;6;2026-10-02
"109";"Región de Antofagasta";"2013-3-1";3685;2013;1;3;2026-10-02
"110";"Región de Antofagasta";"2013-6-1";387;2013;2;6;2026-10-02
"111";"Región de Antofagasta";"2013-9-1";3752;2013;3;9;2026-10-02
"112";"Región de Antofagasta";"2013-12-1";4058;2013;4;12;2026-10-02
"113";"Región de Antofagasta";"2014-3-1";3763;2014;1;3;2026-10-02
"114";"Región de Antofagasta";"2014-6-1";4156;2014;2;6;2026-10-02
"115";"Región de Antofagasta";"2014-9-1";3845;2014;3;9;2026-10-02
"116";"Región de Antofagasta";"2014-12-1";4296;2014;4;12;2026-10-02
"117";"Región de Antofagasta";"2015-3-1";4039;2015;1;3;2026-10-02
"118";"Región de Antofagasta";"2015-6-1";4136;2015;2;6;2026-10-02
"119";"Región de Antofagasta";"2015-9-1";384;2015;3;9;2026-10-02
"120";"Región de Antofagasta";"2015-12-1";405;2015;4;12;2026-10-02
"121";"Región de Antofagasta";"2016-3-1";3822;2016;1;3;2026-10-02
"122";"Región de Antofagasta";"2016-6-1";3895;2016;2;6;2026-10-02
"123";"Región de Antofagasta";"2016-9-1";369;2016;3;9;2026-10-02
"124";"Región de Antofagasta";"2016-12-1";3936;2016;4;12;2026-10-02
"125";"Región de Antofagasta";"2017-3-1";3226;2017;1;3;2026-10-02
"126";"Región de Antofagasta";"2017-6-1";3628;2017;2;6;2026-10-02
"127";"Región de Antofagasta";"2017-9-1";3859;2017;3;9;2026-10-02
"128";"Región de Antofagasta";"2017-12-1";4164;2017;4;12;2026-10-02
"129";"Región de Antofagasta";"2018-3-1";3922;2018;1;3;2026-10-02
"130";"Región de Antofagasta";"2018-6-1";3908;2018;2;6;2026-10-02
"131";"Región de Antofagasta";"2018-9-1";3873;2018;3;9;2026-10-02
"132";"Región de Antofagasta";"2018-12-1";4272;2018;4;12;2026-10-02
"133";"Región de Antofagasta";"2019-3-1";3741;2019;1;3;2026-10-02
"134";"Región de Antofagasta";"2019-6-1";3937;2019;2;6;2026-10-02
"135";"Región de Antofagasta";"2019-9-1";4026;2019;3;9;2026-10-02
"136";"Región de Antofagasta";"2019-12-1";4261;2019;4;12;2026-10-02
"137";"Región de Antofagasta";"2020-3-1";388;2020;1;3;2026-10-02
"138";"Región de Antofagasta";"2020-6-1";3796;2020;2;6;2026-10-02
"139";"Región de Antofagasta";"2020-9-1";383;2020;3;9;2026-10-02
"140";"Región de Antofagasta";"2020-12-1";4182;2020;4;12;2026-10-02
"141";"Región de Antofagasta";"2021-3-1";3724;2021;1;3;2026-10-02
"142";"Región de Antofagasta";"2021-6-1";3857;2021;2;6;2026-10-02
"143";"Región de Antofagasta";"2021-9-1";3784;2021;3;9;2026-10-02
"144";"Región de Antofagasta";"2021-12-1";4171;2021;4;12;2026-10-02
"145";"Región de Antofagasta";"2022-3-1";3565;2022;1;3;2026-10-02
"146";"Región de Antofagasta";"2022-6-1";3896;2022;2;6;2026-10-02
"147";"Región de Antofagasta";"2022-9-1";3734;2022;3;9;2026-10-02
"148";"Región de Antofagasta";"2022-12-1";427;2022;4;12;2026-10-02
"149";"Región de Antofagasta";"2023-3-1";3667;2023;1;3;2026-10-02
"150";"Región de Antofagasta";"2023-6-1";3899;2023;2;6;2026-10-02
"151";"Región de Antofagasta";"2023-9-1";4102;2023;3;9;2026-10-02
"152";"Región de Antofagasta";"2023-12-1";4439;2023;4;12;2026-10-02
"153";"Región de Antofagasta";"2024-3-1";4039;2024;1;3;2026-10-02
"154";"Región de Antofagasta";"2024-6-1";4208;2024;2;6;2026-10-02
"155";"Región de Antofagasta";"2024-9-1";4423;2024;3;9;2026-10-02
"156";"Región de Antofagasta";"2024-12-1";4948;2024;4;12;2026-10-02
"157";"Región de Antofagasta";"2025-3-1";4231;2025;1;3;2026-10-02
"158";"Región de Antofagasta";"2025-6-1";4466;2025;2;6;2026-10-02
"159";"Región de Antofagasta";"2025-9-1";442;2025;3;9;2026-10-02
"160";"Región de Antofagasta";"2025-12-1";4777;2025;4;12;2026-10-02
"161";"Región de Antofagasta";"2026-3-1";4011;2026;1;3;2026-10-02
"162";"Región de Antofagasta";"2026-6-1";4184;2026;2;6;2026-10-02
"163";"Región de Atacama";"2013-3-1";883;2013;1;3;2026-10-02
"164";"Región de Atacama";"2013-6-1";851;2013;2;6;2026-10-02
"165";"Región de Atacama";"2013-9-1";872;2013;3;9;2026-10-02
"166";"Región de Atacama";"2013-12-1";985;2013;4;12;2026-10-02
"167";"Región de Atacama";"2014-3-1";938;2014;1;3;2026-10-02
"168";"Región de Atacama";"2014-6-1";883;2014;2;6;2026-10-02
"169";"Región de Atacama";"2014-9-1";927;2014;3;9;2026-10-02
"170";"Región de Atacama";"2014-12-1";989;2014;4;12;2026-10-02
"171";"Región de Atacama";"2015-3-1";935;2015;1;3;2026-10-02
"172";"Región de Atacama";"2015-6-1";872;2015;2;6;2026-10-02
"173";"Región de Atacama";"2015-9-1";873;2015;3;9;2026-10-02
"174";"Región de Atacama";"2015-12-1";973;2015;4;12;2026-10-02
"175";"Región de Atacama";"2016-3-1";982;2016;1;3;2026-10-02
"176";"Región de Atacama";"2016-6-1";909;2016;2;6;2026-10-02
"177";"Región de Atacama";"2016-9-1";916;2016;3;9;2026-10-02
"178";"Región de Atacama";"2016-12-1";986;2016;4;12;2026-10-02
"179";"Región de Atacama";"2017-3-1";959;2017;1;3;2026-10-02
"180";"Región de Atacama";"2017-6-1";902;2017;2;6;2026-10-02
"181";"Región de Atacama";"2017-9-1";946;2017;3;9;2026-10-02
"182";"Región de Atacama";"2017-12-1";953;2017;4;12;2026-10-02
"183";"Región de Atacama";"2018-3-1";922;2018;1;3;2026-10-02
"184";"Región de Atacama";"2018-6-1";898;2018;2;6;2026-10-02
"185";"Región de Atacama";"2018-9-1";896;2018;3;9;2026-10-02
"186";"Región de Atacama";"2018-12-1";956;2018;4;12;2026-10-02
"187";"Región de Atacama";"2019-3-1";857;2019;1;3;2026-10-02
"188";"Región de Atacama";"2019-6-1";857;2019;2;6;2026-10-02
"189";"Región de Atacama";"2019-9-1";893;2019;3;9;2026-10-02
"190";"Región de Atacama";"2019-12-1";906;2019;4;12;2026-10-02
"191";"Región de Atacama";"2020-3-1";896;2020;1;3;2026-10-02
"192";"Región de Atacama";"2020-6-1";860;2020;2;6;2026-10-02
"193";"Región de Atacama";"2020-9-1";856;2020;3;9;2026-10-02
"194";"Región de Atacama";"2020-12-1";913;2020;4;12;2026-10-02
"195";"Región de Atacama";"2021-3-1";941;2021;1;3;2026-10-02
"196";"Región de Atacama";"2021-6-1";973;2021;2;6;2026-10-02
"197";"Región de Atacama";"2021-9-1";955;2021;3;9;2026-10-02
"198";"Región de Atacama";"2021-12-1";1077;2021;4;12;2026-10-02
"199";"Región de Atacama";"2022-3-1";998;2022;1;3;2026-10-02
"200";"Región de Atacama";"2022-6-1";986;2022;2;6;2026-10-02
"201";"Región de Atacama";"2022-9-1";917;2022;3;9;2026-10-02
"202";"Región de Atacama";"2022-12-1";1063;2022;4;12;2026-10-02
"203";"Región de Atacama";"2023-3-1";975;2023;1;3;2026-10-02
"204";"Región de Atacama";"2023-6-1";1004;2023;2;6;2026-10-02
"205";"Región de Atacama";"2023-9-1";969;2023;3;9;2026-10-02
"206";"Región de Atacama";"2023-12-1";1069;2023;4;12;2026-10-02
"207";"Región de Atacama";"2024-3-1";102;2024;1;3;2026-10-02
"208";"Región de Atacama";"2024-6-1";967;2024;2;6;2026-10-02
"209";"Región de Atacama";"2024-9-1";1019;2024;3;9;2026-10-02
"210";"Región de Atacama";"2024-12-1";1135;2024;4;12;2026-10-02
"211";"Región de Atacama";"2025-3-1";1136;2025;1;3;2026-10-02
"212";"Región de Atacama";"2025-6-1";1145;2025;2;6;2026-10-02
"213";"Región de Atacama";"2025-9-1";1148;2025;3;9;2026-10-02
"214";"Región de Atacama";"2025-12-1";1344;2025;4;12;2026-10-02
"215";"Región de Atacama";"2026-3-1";126;2026;1;3;2026-10-02
"216";"Región de Atacama";"2026-6-1";1241;2026;2;6;2026-10-02
"217";"Región de Coquimbo";"2013-3-1";1414;2013;1;3;2026-10-02
"218";"Región de Coquimbo";"2013-6-1";1403;2013;2;6;2026-10-02
"219";"Región de Coquimbo";"2013-9-1";1337;2013;3;9;2026-10-02
"220";"Región de Coquimbo";"2013-12-1";1426;2013;4;12;2026-10-02
"221";"Región de Coquimbo";"2014-3-1";1356;2014;1;3;2026-10-02
"222";"Región de Coquimbo";"2014-6-1";1349;2014;2;6;2026-10-02
"223";"Región de Coquimbo";"2014-9-1";1282;2014;3;9;2026-10-02
"224";"Región de Coquimbo";"2014-12-1";1383;2014;4;12;2026-10-02
"225";"Región de Coquimbo";"2015-3-1";1329;2015;1;3;2026-10-02
"226";"Región de Coquimbo";"2015-6-1";1378;2015;2;6;2026-10-02
"227";"Región de Coquimbo";"2015-9-1";1287;2015;3;9;2026-10-02
"228";"Región de Coquimbo";"2015-12-1";1385;2015;4;12;2026-10-02
"229";"Región de Coquimbo";"2016-3-1";139;2016;1;3;2026-10-02
"230";"Región de Coquimbo";"2016-6-1";136;2016;2;6;2026-10-02
"231";"Región de Coquimbo";"2016-9-1";1301;2016;3;9;2026-10-02
"232";"Región de Coquimbo";"2016-12-1";1389;2016;4;12;2026-10-02
"233";"Región de Coquimbo";"2017-3-1";1423;2017;1;3;2026-10-02
"234";"Región de Coquimbo";"2017-6-1";1375;2017;2;6;2026-10-02
"235";"Región de Coquimbo";"2017-9-1";132;2017;3;9;2026-10-02
"236";"Región de Coquimbo";"2017-12-1";1442;2017;4;12;2026-10-02
"237";"Región de Coquimbo";"2018-3-1";1473;2018;1;3;2026-10-02
"238";"Región de Coquimbo";"2018-6-1";1459;2018;2;6;2026-10-02
"239";"Región de Coquimbo";"2018-9-1";1414;2018;3;9;2026-10-02
"240";"Región de Coquimbo";"2018-12-1";1531;2018;4;12;2026-10-02
"241";"Región de Coquimbo";"2019-3-1";1485;2019;1;3;2026-10-02
"242";"Región de Coquimbo";"2019-6-1";1544;2019;2;6;2026-10-02
"243";"Región de Coquimbo";"2019-9-1";1463;2019;3;9;2026-10-02
"244";"Región de Coquimbo";"2019-12-1";1463;2019;4;12;2026-10-02
"245";"Región de Coquimbo";"2020-3-1";1511;2020;1;3;2026-10-02
"246";"Región de Coquimbo";"2020-6-1";1336;2020;2;6;2026-10-02
"247";"Región de Coquimbo";"2020-9-1";1322;2020;3;9;2026-10-02
"248";"Región de Coquimbo";"2020-12-1";1487;2020;4;12;2026-10-02
"249";"Región de Coquimbo";"2021-3-1";1489;2021;1;3;2026-10-02
"250";"Región de Coquimbo";"2021-6-1";1552;2021;2;6;2026-10-02
"251";"Región de Coquimbo";"2021-9-1";1516;2021;3;9;2026-10-02
"252";"Región de Coquimbo";"2021-12-1";1605;2021;4;12;2026-10-02
"253";"Región de Coquimbo";"2022-3-1";1477;2022;1;3;2026-10-02
"254";"Región de Coquimbo";"2022-6-1";1518;2022;2;6;2026-10-02
"255";"Región de Coquimbo";"2022-9-1";1485;2022;3;9;2026-10-02
"256";"Región de Coquimbo";"2022-12-1";1623;2022;4;12;2026-10-02
"257";"Región de Coquimbo";"2023-3-1";1519;2023;1;3;2026-10-02
"258";"Región de Coquimbo";"2023-6-1";1588;2023;2;6;2026-10-02
"259";"Región de Coquimbo";"2023-9-1";1551;2023;3;9;2026-10-02
"260";"Región de Coquimbo";"2023-12-1";1659;2023;4;12;2026-10-02
"261";"Región de Coquimbo";"2024-3-1";1586;2024;1;3;2026-10-02
"262";"Región de Coquimbo";"2024-6-1";1581;2024;2;6;2026-10-02
"263";"Región de Coquimbo";"2024-9-1";1558;2024;3;9;2026-10-02
"264";"Región de Coquimbo";"2024-12-1";1652;2024;4;12;2026-10-02
"265";"Región de Coquimbo";"2025-3-1";163;2025;1;3;2026-10-02
"266";"Región de Coquimbo";"2025-6-1";1643;2025;2;6;2026-10-02
"267";"Región de Coquimbo";"2025-9-1";1575;2025;3;9;2026-10-02
"268";"Región de Coquimbo";"2025-12-1";169;2025;4;12;2026-10-02
"269";"Región de Coquimbo";"2026-3-1";1618;2026;1;3;2026-10-02
"270";"Región de Coquimbo";"2026-6-1";1658;2026;2;6;2026-10-02
"271";"Región de Valparaíso";"2013-3-1";3397;2013;1;3;2026-10-02
"272";"Región de Valparaíso";"2013-6-1";3441;2013;2;6;2026-10-02
"273";"Región de Valparaíso";"2013-9-1";3278;2013;3;9;2026-10-02
"274";"Región de Valparaíso";"2013-12-1";353;2013;4;12;2026-10-02
"275";"Región de Valparaíso";"2014-3-1";3339;2014;1;3;2026-10-02
"276";"Región de Valparaíso";"2014-6-1";3384;2014;2;6;2026-10-02
"277";"Región de Valparaíso";"2014-9-1";3228;2014;3;9;2026-10-02
"278";"Región de Valparaíso";"2014-12-1";3375;2014;4;12;2026-10-02
"279";"Región de Valparaíso";"2015-3-1";3317;2015;1;3;2026-10-02
"280";"Región de Valparaíso";"2015-6-1";3348;2015;2;6;2026-10-02
"281";"Región de Valparaíso";"2015-9-1";3222;2015;3;9;2026-10-02
"282";"Región de Valparaíso";"2015-12-1";3441;2015;4;12;2026-10-02
"283";"Región de Valparaíso";"2016-3-1";3445;2016;1;3;2026-10-02
"284";"Región de Valparaíso";"2016-6-1";3402;2016;2;6;2026-10-02
"285";"Región de Valparaíso";"2016-9-1";3372;2016;3;9;2026-10-02
"286";"Región de Valparaíso";"2016-12-1";3511;2016;4;12;2026-10-02
"287";"Región de Valparaíso";"2017-3-1";3484;2017;1;3;2026-10-02
"288";"Región de Valparaíso";"2017-6-1";3482;2017;2;6;2026-10-02
"289";"Región de Valparaíso";"2017-9-1";3391;2017;3;9;2026-10-02
"290";"Región de Valparaíso";"2017-12-1";3579;2017;4;12;2026-10-02
"291";"Región de Valparaíso";"2018-3-1";3477;2018;1;3;2026-10-02
"292";"Región de Valparaíso";"2018-6-1";3568;2018;2;6;2026-10-02
"293";"Región de Valparaíso";"2018-9-1";3366;2018;3;9;2026-10-02
"294";"Región de Valparaíso";"2018-12-1";3578;2018;4;12;2026-10-02
"295";"Región de Valparaíso";"2019-3-1";3475;2019;1;3;2026-10-02
"296";"Región de Valparaíso";"2019-6-1";353;2019;2;6;2026-10-02
"297";"Región de Valparaíso";"2019-9-1";3446;2019;3;9;2026-10-02
"298";"Región de Valparaíso";"2019-12-1";3495;2019;4;12;2026-10-02
"299";"Región de Valparaíso";"2020-3-1";3452;2020;1;3;2026-10-02
"300";"Región de Valparaíso";"2020-6-1";3082;2020;2;6;2026-10-02
"301";"Región de Valparaíso";"2020-9-1";3083;2020;3;9;2026-10-02
"302";"Región de Valparaíso";"2020-12-1";3464;2020;4;12;2026-10-02
"303";"Región de Valparaíso";"2021-3-1";3361;2021;1;3;2026-10-02
"304";"Región de Valparaíso";"2021-6-1";3529;2021;2;6;2026-10-02
"305";"Región de Valparaíso";"2021-9-1";3595;2021;3;9;2026-10-02
"306";"Región de Valparaíso";"2021-12-1";3918;2021;4;12;2026-10-02
"307";"Región de Valparaíso";"2022-3-1";372;2022;1;3;2026-10-02
"308";"Región de Valparaíso";"2022-6-1";3813;2022;2;6;2026-10-02
"309";"Región de Valparaíso";"2022-9-1";3725;2022;3;9;2026-10-02
"310";"Región de Valparaíso";"2022-12-1";3992;2022;4;12;2026-10-02
"311";"Región de Valparaíso";"2023-3-1";3726;2023;1;3;2026-10-02
"312";"Región de Valparaíso";"2023-6-1";3779;2023;2;6;2026-10-02
"313";"Región de Valparaíso";"2023-9-1";373;2023;3;9;2026-10-02
"314";"Región de Valparaíso";"2023-12-1";3987;2023;4;12;2026-10-02
"315";"Región de Valparaíso";"2024-3-1";3808;2024;1;3;2026-10-02
"316";"Región de Valparaíso";"2024-6-1";3808;2024;2;6;2026-10-02
"317";"Región de Valparaíso";"2024-9-1";3827;2024;3;9;2026-10-02
"318";"Región de Valparaíso";"2024-12-1";4088;2024;4;12;2026-10-02
"319";"Región de Valparaíso";"2025-3-1";3914;2025;1;3;2026-10-02
"320";"Región de Valparaíso";"2025-6-1";3908;2025;2;6;2026-10-02
"321";"Región de Valparaíso";"2025-9-1";3905;2025;3;9;2026-10-02
"322";"Región de Valparaíso";"2025-12-1";4267;2025;4;12;2026-10-02
"323";"Región de Valparaíso";"2026-3-1";3903;2026;1;3;2026-10-02
"324";"Región de Valparaíso";"2026-6-1";3973;2026;2;6;2026-10-02
"325";"Región Metropolitana de Santiago";"2013-3-1";16776;2013;1;3;2026-10-02
"326";"Región Metropolitana de Santiago";"2013-6-1";17737;2013;2;6;2026-10-02
"327";"Región Metropolitana de Santiago";"2013-9-1";17052;2013;3;9;2026-10-02
"328";"Región Metropolitana de Santiago";"2013-12-1";18711;2013;4;12;2026-10-02
"329";"Región Metropolitana de Santiago";"2014-3-1";17228;2014;1;3;2026-10-02
"330";"Región Metropolitana de Santiago";"2014-6-1";17922;2014;2;6;2026-10-02
"331";"Región Metropolitana de Santiago";"2014-9-1";17346;2014;3;9;2026-10-02
"332";"Región Metropolitana de Santiago";"2014-12-1";18984;2014;4;12;2026-10-02
"333";"Región Metropolitana de Santiago";"2015-3-1";17532;2015;1;3;2026-10-02
"334";"Región Metropolitana de Santiago";"2015-6-1";18344;2015;2;6;2026-10-02
"335";"Región Metropolitana de Santiago";"2015-9-1";17911;2015;3;9;2026-10-02
"336";"Región Metropolitana de Santiago";"2015-12-1";19508;2015;4;12;2026-10-02
"337";"Región Metropolitana de Santiago";"2016-3-1";18046;2016;1;3;2026-10-02
"338";"Región Metropolitana de Santiago";"2016-6-1";188;2016;2;6;2026-10-02
"339";"Región Metropolitana de Santiago";"2016-9-1";18302;2016;3;9;2026-10-02
"340";"Región Metropolitana de Santiago";"2016-12-1";1971;2016;4;12;2026-10-02
"341";"Región Metropolitana de Santiago";"2017-3-1";18161;2017;1;3;2026-10-02
"342";"Región Metropolitana de Santiago";"2017-6-1";18926;2017;2;6;2026-10-02
"343";"Región Metropolitana de Santiago";"2017-9-1";18532;2017;3;9;2026-10-02
"344";"Región Metropolitana de Santiago";"2017-12-1";201;2017;4;12;2026-10-02
"345";"Región Metropolitana de Santiago";"2018-3-1";18759;2018;1;3;2026-10-02
"346";"Región Metropolitana de Santiago";"2018-6-1";1973;2018;2;6;2026-10-02
"347";"Región Metropolitana de Santiago";"2018-9-1";18937;2018;3;9;2026-10-02
"348";"Región Metropolitana de Santiago";"2018-12-1";20806;2018;4;12;2026-10-02
"349";"Región Metropolitana de Santiago";"2019-3-1";19332;2019;1;3;2026-10-02
"350";"Región Metropolitana de Santiago";"2019-6-1";20184;2019;2;6;2026-10-02
"351";"Región Metropolitana de Santiago";"2019-9-1";19466;2019;3;9;2026-10-02
"352";"Región Metropolitana de Santiago";"2019-12-1";19989;2019;4;12;2026-10-02
"353";"Región Metropolitana de Santiago";"2020-3-1";19041;2020;1;3;2026-10-02
"354";"Región Metropolitana de Santiago";"2020-6-1";16381;2020;2;6;2026-10-02
"355";"Región Metropolitana de Santiago";"2020-9-1";17053;2020;3;9;2026-10-02
"356";"Región Metropolitana de Santiago";"2020-12-1";19756;2020;4;12;2026-10-02
"357";"Región Metropolitana de Santiago";"2021-3-1";1915;2021;1;3;2026-10-02
"358";"Región Metropolitana de Santiago";"2021-6-1";1985;2021;2;6;2026-10-02
"359";"Región Metropolitana de Santiago";"2021-9-1";20657;2021;3;9;2026-10-02
"360";"Región Metropolitana de Santiago";"2021-12-1";2237;2021;4;12;2026-10-02
"361";"Región Metropolitana de Santiago";"2022-3-1";20568;2022;1;3;2026-10-02
"362";"Región Metropolitana de Santiago";"2022-6-1";21217;2022;2;6;2026-10-02
"363";"Región Metropolitana de Santiago";"2022-9-1";20795;2022;3;9;2026-10-02
"364";"Región Metropolitana de Santiago";"2022-12-1";21616;2022;4;12;2026-10-02
"365";"Región Metropolitana de Santiago";"2023-3-1";20823;2023;1;3;2026-10-02
"366";"Región Metropolitana de Santiago";"2023-6-1";21185;2023;2;6;2026-10-02
"367";"Región Metropolitana de Santiago";"2023-9-1";20589;2023;3;9;2026-10-02
"368";"Región Metropolitana de Santiago";"2023-12-1";22047;2023;4;12;2026-10-02
"369";"Región Metropolitana de Santiago";"2024-3-1";21057;2024;1;3;2026-10-02
"370";"Región Metropolitana de Santiago";"2024-6-1";21267;2024;2;6;2026-10-02
"371";"Región Metropolitana de Santiago";"2024-9-1";21005;2024;3;9;2026-10-02
"372";"Región Metropolitana de Santiago";"2024-12-1";22671;2024;4;12;2026-10-02
"373";"Región Metropolitana de Santiago";"2025-3-1";21571;2025;1;3;2026-10-02
"374";"Región Metropolitana de Santiago";"2025-6-1";21832;2025;2;6;2026-10-02
"375";"Región Metropolitana de Santiago";"2025-9-1";21711;2025;3;9;2026-10-02
"376";"Región Metropolitana de Santiago";"2025-12-1";23336;2025;4;12;2026-10-02
"377";"Región Metropolitana de Santiago";"2026-3-1";21834;2026;1;3;2026-10-02
"378";"Región Metropolitana de Santiago";"2026-6-1";22186;2026;2;6;2026-10-02
"379";"Región del Libertador General Bernardo OHiggins";"2013-3-1";1971;2013;1;3;2026-10-02
"380";"Región del Libertador General Bernardo OHiggins";"2013-6-1";1721;2013;2;6;2026-10-02
"381";"Región del Libertador General Bernardo OHiggins";"2013-9-1";15;2013;3;9;2026-10-02
"382";"Región del Libertador General Bernardo OHiggins";"2013-12-1";1708;2013;4;12;2026-10-02
"383";"Región del Libertador General Bernardo OHiggins";"2014-3-1";1983;2014;1;3;2026-10-02
"384";"Región del Libertador General Bernardo OHiggins";"2014-6-1";1713;2014;2;6;2026-10-02
"385";"Región del Libertador General Bernardo OHiggins";"2014-9-1";1561;2014;3;9;2026-10-02
"386";"Región del Libertador General Bernardo OHiggins";"2014-12-1";1805;2014;4;12;2026-10-02
"387";"Región del Libertador General Bernardo OHiggins";"2015-3-1";2206;2015;1;3;2026-10-02
"388";"Región del Libertador General Bernardo OHiggins";"2015-6-1";1856;2015;2;6;2026-10-02
"389";"Región del Libertador General Bernardo OHiggins";"2015-9-1";1599;2015;3;9;2026-10-02
"390";"Región del Libertador General Bernardo OHiggins";"2015-12-1";1802;2015;4;12;2026-10-02
"391";"Región del Libertador General Bernardo OHiggins";"2016-3-1";2363;2016;1;3;2026-10-02
"392";"Región del Libertador General Bernardo OHiggins";"2016-6-1";18;2016;2;6;2026-10-02
"393";"Región del Libertador General Bernardo OHiggins";"2016-9-1";1598;2016;3;9;2026-10-02
"394";"Región del Libertador General Bernardo OHiggins";"2016-12-1";1855;2016;4;12;2026-10-02
"395";"Región del Libertador General Bernardo OHiggins";"2017-3-1";2231;2017;1;3;2026-10-02
"396";"Región del Libertador General Bernardo OHiggins";"2017-6-1";1791;2017;2;6;2026-10-02
"397";"Región del Libertador General Bernardo OHiggins";"2017-9-1";1568;2017;3;9;2026-10-02
"398";"Región del Libertador General Bernardo OHiggins";"2017-12-1";1919;2017;4;12;2026-10-02
"399";"Región del Libertador General Bernardo OHiggins";"2018-3-1";2311;2018;1;3;2026-10-02
"400";"Región del Libertador General Bernardo OHiggins";"2018-6-1";1935;2018;2;6;2026-10-02
"401";"Región del Libertador General Bernardo OHiggins";"2018-9-1";168;2018;3;9;2026-10-02
"402";"Región del Libertador General Bernardo OHiggins";"2018-12-1";2013;2018;4;12;2026-10-02
"403";"Región del Libertador General Bernardo OHiggins";"2019-3-1";2259;2019;1;3;2026-10-02
"404";"Región del Libertador General Bernardo OHiggins";"2019-6-1";1932;2019;2;6;2026-10-02
"405";"Región del Libertador General Bernardo OHiggins";"2019-9-1";1649;2019;3;9;2026-10-02
"406";"Región del Libertador General Bernardo OHiggins";"2019-12-1";2051;2019;4;12;2026-10-02
"407";"Región del Libertador General Bernardo OHiggins";"2020-3-1";218;2020;1;3;2026-10-02
"408";"Región del Libertador General Bernardo OHiggins";"2020-6-1";1659;2020;2;6;2026-10-02
"409";"Región del Libertador General Bernardo OHiggins";"2020-9-1";1615;2020;3;9;2026-10-02
"410";"Región del Libertador General Bernardo OHiggins";"2020-12-1";2142;2020;4;12;2026-10-02
"411";"Región del Libertador General Bernardo OHiggins";"2021-3-1";2264;2021;1;3;2026-10-02
"412";"Región del Libertador General Bernardo OHiggins";"2021-6-1";1931;2021;2;6;2026-10-02
"413";"Región del Libertador General Bernardo OHiggins";"2021-9-1";1774;2021;3;9;2026-10-02
"414";"Región del Libertador General Bernardo OHiggins";"2021-12-1";2348;2021;4;12;2026-10-02
"415";"Región del Libertador General Bernardo OHiggins";"2022-3-1";2242;2022;1;3;2026-10-02
"416";"Región del Libertador General Bernardo OHiggins";"2022-6-1";1943;2022;2;6;2026-10-02
"417";"Región del Libertador General Bernardo OHiggins";"2022-9-1";1794;2022;3;9;2026-10-02
"418";"Región del Libertador General Bernardo OHiggins";"2022-12-1";2355;2022;4;12;2026-10-02
"419";"Región del Libertador General Bernardo OHiggins";"2023-3-1";2233;2023;1;3;2026-10-02
"420";"Región del Libertador General Bernardo OHiggins";"2023-6-1";1934;2023;2;6;2026-10-02
"421";"Región del Libertador General Bernardo OHiggins";"2023-9-1";1788;2023;3;9;2026-10-02
"422";"Región del Libertador General Bernardo OHiggins";"2023-12-1";2266;2023;4;12;2026-10-02
"423";"Región del Libertador General Bernardo OHiggins";"2024-3-1";2339;2024;1;3;2026-10-02
"424";"Región del Libertador General Bernardo OHiggins";"2024-6-1";1939;2024;2;6;2026-10-02
"425";"Región del Libertador General Bernardo OHiggins";"2024-9-1";1827;2024;3;9;2026-10-02
"426";"Región del Libertador General Bernardo OHiggins";"2024-12-1";2624;2024;4;12;2026-10-02
"427";"Región del Libertador General Bernardo OHiggins";"2025-3-1";2433;2025;1;3;2026-10-02
"428";"Región del Libertador General Bernardo OHiggins";"2025-6-1";2049;2025;2;6;2026-10-02
"429";"Región del Libertador General Bernardo OHiggins";"2025-9-1";1758;2025;3;9;2026-10-02
"430";"Región del Libertador General Bernardo OHiggins";"2025-12-1";2424;2025;4;12;2026-10-02
"431";"Región del Libertador General Bernardo OHiggins";"2026-3-1";2272;2026;1;3;2026-10-02
"432";"Región del Libertador General Bernardo OHiggins";"2026-6-1";1963;2026;2;6;2026-10-02
"433";"Región del Maule";"2013-3-1";1589;2013;1;3;2026-10-02
"434";"Región del Maule";"2013-6-1";1668;2013;2;6;2026-10-02
"435";"Región del Maule";"2013-9-1";1292;2013;3;9;2026-10-02
"436";"Región del Maule";"2013-12-1";1478;2013;4;12;2026-10-02
"437";"Región del Maule";"2014-3-1";1575;2014;1;3;2026-10-02
"438";"Región del Maule";"2014-6-1";1584;2014;2;6;2026-10-02
"439";"Región del Maule";"2014-9-1";131;2014;3;9;2026-10-02
"440";"Región del Maule";"2014-12-1";1552;2014;4;12;2026-10-02
"441";"Región del Maule";"2015-3-1";1685;2015;1;3;2026-10-02
"442";"Región del Maule";"2015-6-1";1746;2015;2;6;2026-10-02
"443";"Región del Maule";"2015-9-1";1409;2015;3;9;2026-10-02
"444";"Región del Maule";"2015-12-1";1667;2015;4;12;2026-10-02
"445";"Región del Maule";"2016-3-1";1834;2016;1;3;2026-10-02
"446";"Región del Maule";"2016-6-1";177;2016;2;6;2026-10-02
"447";"Región del Maule";"2016-9-1";1417;2016;3;9;2026-10-02
"448";"Región del Maule";"2016-12-1";161;2016;4;12;2026-10-02
"449";"Región del Maule";"2017-3-1";1795;2017;1;3;2026-10-02
"450";"Región del Maule";"2017-6-1";1716;2017;2;6;2026-10-02
"451";"Región del Maule";"2017-9-1";141;2017;3;9;2026-10-02
"452";"Región del Maule";"2017-12-1";1718;2017;4;12;2026-10-02
"453";"Región del Maule";"2018-3-1";1889;2018;1;3;2026-10-02
"454";"Región del Maule";"2018-6-1";1945;2018;2;6;2026-10-02
"455";"Región del Maule";"2018-9-1";1477;2018;3;9;2026-10-02
"456";"Región del Maule";"2018-12-1";1867;2018;4;12;2026-10-02
"457";"Región del Maule";"2019-3-1";1919;2019;1;3;2026-10-02
"458";"Región del Maule";"2019-6-1";191;2019;2;6;2026-10-02
"459";"Región del Maule";"2019-9-1";1527;2019;3;9;2026-10-02
"460";"Región del Maule";"2019-12-1";1786;2019;4;12;2026-10-02
"461";"Región del Maule";"2020-3-1";1864;2020;1;3;2026-10-02
"462";"Región del Maule";"2020-6-1";1684;2020;2;6;2026-10-02
"463";"Región del Maule";"2020-9-1";148;2020;3;9;2026-10-02
"464";"Región del Maule";"2020-12-1";2018;2020;4;12;2026-10-02
"465";"Región del Maule";"2021-3-1";1955;2021;1;3;2026-10-02
"466";"Región del Maule";"2021-6-1";1947;2021;2;6;2026-10-02
"467";"Región del Maule";"2021-9-1";163;2021;3;9;2026-10-02
"468";"Región del Maule";"2021-12-1";2118;2021;4;12;2026-10-02
"469";"Región del Maule";"2022-3-1";2033;2022;1;3;2026-10-02
"470";"Región del Maule";"2022-6-1";2013;2022;2;6;2026-10-02
"471";"Región del Maule";"2022-9-1";1692;2022;3;9;2026-10-02
"472";"Región del Maule";"2022-12-1";217;2022;4;12;2026-10-02
"473";"Región del Maule";"2023-3-1";1984;2023;1;3;2026-10-02
"474";"Región del Maule";"2023-6-1";2031;2023;2;6;2026-10-02
"475";"Región del Maule";"2023-9-1";1752;2023;3;9;2026-10-02
"476";"Región del Maule";"2023-12-1";2266;2023;4;12;2026-10-02
"477";"Región del Maule";"2024-3-1";2103;2024;1;3;2026-10-02
"478";"Región del Maule";"2024-6-1";2047;2024;2;6;2026-10-02
"479";"Región del Maule";"2024-9-1";179;2024;3;9;2026-10-02
"480";"Región del Maule";"2024-12-1";2532;2024;4;12;2026-10-02
"481";"Región del Maule";"2025-3-1";2251;2025;1;3;2026-10-02
"482";"Región del Maule";"2025-6-1";2131;2025;2;6;2026-10-02
"483";"Región del Maule";"2025-9-1";1739;2025;3;9;2026-10-02
"484";"Región del Maule";"2025-12-1";2472;2025;4;12;2026-10-02
"485";"Región del Maule";"2026-3-1";2179;2026;1;3;2026-10-02
"486";"Región del Maule";"2026-6-1";2146;2026;2;6;2026-10-02
"487";"Región de Ñuble";"2013-3-1";602;2013;1;3;2026-10-02
"488";"Región de Ñuble";"2013-6-1";628;2013;2;6;2026-10-02
"489";"Región de Ñuble";"2013-9-1";544;2013;3;9;2026-10-02
"490";"Región de Ñuble";"2013-12-1";572;2013;4;12;2026-10-02
"491";"Región de Ñuble";"2014-3-1";607;2014;1;3;2026-10-02
"492";"Región de Ñuble";"2014-6-1";621;2014;2;6;2026-10-02
"493";"Región de Ñuble";"2014-9-1";551;2014;3;9;2026-10-02
"494";"Región de Ñuble";"2014-12-1";597;2014;4;12;2026-10-02
"495";"Región de Ñuble";"2015-3-1";630;2015;1;3;2026-10-02
"496";"Región de Ñuble";"2015-6-1";653;2015;2;6;2026-10-02
"497";"Región de Ñuble";"2015-9-1";579;2015;3;9;2026-10-02
"498";"Región de Ñuble";"2015-12-1";632;2015;4;12;2026-10-02
"499";"Región de Ñuble";"2016-3-1";701;2016;1;3;2026-10-02
"500";"Región de Ñuble";"2016-6-1";663;2016;2;6;2026-10-02
"501";"Región de Ñuble";"2016-9-1";611;2016;3;9;2026-10-02
"502";"Región de Ñuble";"2016-12-1";660;2016;4;12;2026-10-02
"503";"Región de Ñuble";"2017-3-1";673;2017;1;3;2026-10-02
"504";"Región de Ñuble";"2017-6-1";658;2017;2;6;2026-10-02
"505";"Región de Ñuble";"2017-9-1";610;2017;3;9;2026-10-02
"506";"Región de Ñuble";"2017-12-1";659;2017;4;12;2026-10-02
"507";"Región de Ñuble";"2018-3-1";737;2018;1;3;2026-10-02
"508";"Región de Ñuble";"2018-6-1";716;2018;2;6;2026-10-02
"509";"Región de Ñuble";"2018-9-1";635;2018;3;9;2026-10-02
"510";"Región de Ñuble";"2018-12-1";697;2018;4;12;2026-10-02
"511";"Región de Ñuble";"2019-3-1";724;2019;1;3;2026-10-02
"512";"Región de Ñuble";"2019-6-1";725;2019;2;6;2026-10-02
"513";"Región de Ñuble";"2019-9-1";652;2019;3;9;2026-10-02
"514";"Región de Ñuble";"2019-12-1";692;2019;4;12;2026-10-02
"515";"Región de Ñuble";"2020-3-1";739;2020;1;3;2026-10-02
"516";"Región de Ñuble";"2020-6-1";624;2020;2;6;2026-10-02
"517";"Región de Ñuble";"2020-9-1";621;2020;3;9;2026-10-02
"518";"Región de Ñuble";"2020-12-1";714;2020;4;12;2026-10-02
"519";"Región de Ñuble";"2021-3-1";741;2021;1;3;2026-10-02
"520";"Región de Ñuble";"2021-6-1";752;2021;2;6;2026-10-02
"521";"Región de Ñuble";"2021-9-1";711;2021;3;9;2026-10-02
"522";"Región de Ñuble";"2021-12-1";814;2021;4;12;2026-10-02
"523";"Región de Ñuble";"2022-3-1";810;2022;1;3;2026-10-02
"524";"Región de Ñuble";"2022-6-1";790;2022;2;6;2026-10-02
"525";"Región de Ñuble";"2022-9-1";727;2022;3;9;2026-10-02
"526";"Región de Ñuble";"2022-12-1";796;2022;4;12;2026-10-02
"527";"Región de Ñuble";"2023-3-1";778;2023;1;3;2026-10-02
"528";"Región de Ñuble";"2023-6-1";760;2023;2;6;2026-10-02
"529";"Región de Ñuble";"2023-9-1";713;2023;3;9;2026-10-02
"530";"Región de Ñuble";"2023-12-1";801;2023;4;12;2026-10-02
"531";"Región de Ñuble";"2024-3-1";826;2024;1;3;2026-10-02
"532";"Región de Ñuble";"2024-6-1";782;2024;2;6;2026-10-02
"533";"Región de Ñuble";"2024-9-1";732;2024;3;9;2026-10-02
"534";"Región de Ñuble";"2024-12-1";848;2024;4;12;2026-10-02
"535";"Región de Ñuble";"2025-3-1";862;2025;1;3;2026-10-02
"536";"Región de Ñuble";"2025-6-1";815;2025;2;6;2026-10-02
"537";"Región de Ñuble";"2025-9-1";741;2025;3;9;2026-10-02
"538";"Región de Ñuble";"2025-12-1";851;2025;4;12;2026-10-02
"539";"Región de Ñuble";"2026-3-1";837;2026;1;3;2026-10-02
"540";"Región de Ñuble";"2026-6-1";824;2026;2;6;2026-10-02
"541";"Región del Biobío";"2013-3-1";2313;2013;1;3;2026-10-02
"542";"Región del Biobío";"2013-6-1";2496;2013;2;6;2026-10-02
"543";"Región del Biobío";"2013-9-1";243;2013;3;9;2026-10-02
"544";"Región del Biobío";"2013-12-1";2549;2013;4;12;2026-10-02
"545";"Región del Biobío";"2014-3-1";2405;2014;1;3;2026-10-02
"546";"Región del Biobío";"2014-6-1";2628;2014;2;6;2026-10-02
"547";"Región del Biobío";"2014-9-1";2498;2014;3;9;2026-10-02
"548";"Región del Biobío";"2014-12-1";2619;2014;4;12;2026-10-02
"549";"Región del Biobío";"2015-3-1";2403;2015;1;3;2026-10-02
"550";"Región del Biobío";"2015-6-1";2656;2015;2;6;2026-10-02
"551";"Región del Biobío";"2015-9-1";2589;2015;3;9;2026-10-02
"552";"Región del Biobío";"2015-12-1";2748;2015;4;12;2026-10-02
"553";"Región del Biobío";"2016-3-1";2522;2016;1;3;2026-10-02
"554";"Región del Biobío";"2016-6-1";2731;2016;2;6;2026-10-02
"555";"Región del Biobío";"2016-9-1";2592;2016;3;9;2026-10-02
"556";"Región del Biobío";"2016-12-1";2721;2016;4;12;2026-10-02
"557";"Región del Biobío";"2017-3-1";2577;2017;1;3;2026-10-02
"558";"Región del Biobío";"2017-6-1";2761;2017;2;6;2026-10-02
"559";"Región del Biobío";"2017-9-1";2664;2017;3;9;2026-10-02
"560";"Región del Biobío";"2017-12-1";2801;2017;4;12;2026-10-02
"561";"Región del Biobío";"2018-3-1";2739;2018;1;3;2026-10-02
"562";"Región del Biobío";"2018-6-1";2945;2018;2;6;2026-10-02
"563";"Región del Biobío";"2018-9-1";2726;2018;3;9;2026-10-02
"564";"Región del Biobío";"2018-12-1";2926;2018;4;12;2026-10-02
"565";"Región del Biobío";"2019-3-1";2769;2019;1;3;2026-10-02
"566";"Región del Biobío";"2019-6-1";3023;2019;2;6;2026-10-02
"567";"Región del Biobío";"2019-9-1";283;2019;3;9;2026-10-02
"568";"Región del Biobío";"2019-12-1";2882;2019;4;12;2026-10-02
"569";"Región del Biobío";"2020-3-1";2776;2020;1;3;2026-10-02
"570";"Región del Biobío";"2020-6-1";2656;2020;2;6;2026-10-02
"571";"Región del Biobío";"2020-9-1";2567;2020;3;9;2026-10-02
"572";"Región del Biobío";"2020-12-1";2859;2020;4;12;2026-10-02
"573";"Región del Biobío";"2021-3-1";2815;2021;1;3;2026-10-02
"574";"Región del Biobío";"2021-6-1";3075;2021;2;6;2026-10-02
"575";"Región del Biobío";"2021-9-1";2892;2021;3;9;2026-10-02
"576";"Región del Biobío";"2021-12-1";3079;2021;4;12;2026-10-02
"577";"Región del Biobío";"2022-3-1";2973;2022;1;3;2026-10-02
"578";"Región del Biobío";"2022-6-1";3111;2022;2;6;2026-10-02
"579";"Región del Biobío";"2022-9-1";2958;2022;3;9;2026-10-02
"580";"Región del Biobío";"2022-12-1";3161;2022;4;12;2026-10-02
"581";"Región del Biobío";"2023-3-1";3073;2023;1;3;2026-10-02
"582";"Región del Biobío";"2023-6-1";3344;2023;2;6;2026-10-02
"583";"Región del Biobío";"2023-9-1";3203;2023;3;9;2026-10-02
"584";"Región del Biobío";"2023-12-1";3288;2023;4;12;2026-10-02
"585";"Región del Biobío";"2024-3-1";3248;2024;1;3;2026-10-02
"586";"Región del Biobío";"2024-6-1";3296;2024;2;6;2026-10-02
"587";"Región del Biobío";"2024-9-1";3286;2024;3;9;2026-10-02
"588";"Región del Biobío";"2024-12-1";3339;2024;4;12;2026-10-02
"589";"Región del Biobío";"2025-3-1";3381;2025;1;3;2026-10-02
"590";"Región del Biobío";"2025-6-1";3398;2025;2;6;2026-10-02
"591";"Región del Biobío";"2025-9-1";3147;2025;3;9;2026-10-02
"592";"Región del Biobío";"2025-12-1";3355;2025;4;12;2026-10-02
"593";"Región del Biobío";"2026-3-1";3225;2026;1;3;2026-10-02
"594";"Región del Biobío";"2026-6-1";3296;2026;2;6;2026-10-02
"595";"Región de La Araucanía";"2013-3-1";1196;2013;1;3;2026-10-02
"596";"Región de La Araucanía";"2013-6-1";1086;2013;2;6;2026-10-02
"597";"Región de La Araucanía";"2013-9-1";1023;2013;3;9;2026-10-02
"598";"Región de La Araucanía";"2013-12-1";1102;2013;4;12;2026-10-02
"599";"Región de La Araucanía";"2014-3-1";1196;2014;1;3;2026-10-02
"600";"Región de La Araucanía";"2014-6-1";1107;2014;2;6;2026-10-02
"601";"Región de La Araucanía";"2014-9-1";1043;2014;3;9;2026-10-02
"602";"Región de La Araucanía";"2014-12-1";1129;2014;4;12;2026-10-02
"603";"Región de La Araucanía";"2015-3-1";1244;2015;1;3;2026-10-02
"604";"Región de La Araucanía";"2015-6-1";1157;2015;2;6;2026-10-02
"605";"Región de La Araucanía";"2015-9-1";1093;2015;3;9;2026-10-02
"606";"Región de La Araucanía";"2015-12-1";1182;2015;4;12;2026-10-02
"607";"Región de La Araucanía";"2016-3-1";1337;2016;1;3;2026-10-02
"608";"Región de La Araucanía";"2016-6-1";121;2016;2;6;2026-10-02
"609";"Región de La Araucanía";"2016-9-1";1156;2016;3;9;2026-10-02
"610";"Región de La Araucanía";"2016-12-1";1247;2016;4;12;2026-10-02
"611";"Región de La Araucanía";"2017-3-1";1363;2017;1;3;2026-10-02
"612";"Región de La Araucanía";"2017-6-1";1233;2017;2;6;2026-10-02
"613";"Región de La Araucanía";"2017-9-1";1174;2017;3;9;2026-10-02
"614";"Región de La Araucanía";"2017-12-1";1273;2017;4;12;2026-10-02
"615";"Región de La Araucanía";"2018-3-1";1417;2018;1;3;2026-10-02
"616";"Región de La Araucanía";"2018-6-1";1298;2018;2;6;2026-10-02
"617";"Región de La Araucanía";"2018-9-1";1218;2018;3;9;2026-10-02
"618";"Región de La Araucanía";"2018-12-1";1314;2018;4;12;2026-10-02
"619";"Región de La Araucanía";"2019-3-1";1412;2019;1;3;2026-10-02
"620";"Región de La Araucanía";"2019-6-1";1335;2019;2;6;2026-10-02
"621";"Región de La Araucanía";"2019-9-1";1265;2019;3;9;2026-10-02
"622";"Región de La Araucanía";"2019-12-1";1315;2019;4;12;2026-10-02
"623";"Región de La Araucanía";"2020-3-1";1419;2020;1;3;2026-10-02
"624";"Región de La Araucanía";"2020-6-1";1146;2020;2;6;2026-10-02
"625";"Región de La Araucanía";"2020-9-1";1213;2020;3;9;2026-10-02
"626";"Región de La Araucanía";"2020-12-1";1306;2020;4;12;2026-10-02
"627";"Región de La Araucanía";"2021-3-1";1413;2021;1;3;2026-10-02
"628";"Región de La Araucanía";"2021-6-1";1389;2021;2;6;2026-10-02
"629";"Región de La Araucanía";"2021-9-1";1387;2021;3;9;2026-10-02
"630";"Región de La Araucanía";"2021-12-1";1531;2021;4;12;2026-10-02
"631";"Región de La Araucanía";"2022-3-1";1539;2022;1;3;2026-10-02
"632";"Región de La Araucanía";"2022-6-1";1499;2022;2;6;2026-10-02
"633";"Región de La Araucanía";"2022-9-1";1412;2022;3;9;2026-10-02
"634";"Región de La Araucanía";"2022-12-1";1513;2022;4;12;2026-10-02
"635";"Región de La Araucanía";"2023-3-1";1569;2023;1;3;2026-10-02
"636";"Región de La Araucanía";"2023-6-1";1502;2023;2;6;2026-10-02
"637";"Región de La Araucanía";"2023-9-1";1441;2023;3;9;2026-10-02
"638";"Región de La Araucanía";"2023-12-1";1559;2023;4;12;2026-10-02
"639";"Región de La Araucanía";"2024-3-1";1628;2024;1;3;2026-10-02
"640";"Región de La Araucanía";"2024-6-1";1528;2024;2;6;2026-10-02
"641";"Región de La Araucanía";"2024-9-1";149;2024;3;9;2026-10-02
"642";"Región de La Araucanía";"2024-12-1";1605;2024;4;12;2026-10-02
"643";"Región de La Araucanía";"2025-3-1";1711;2025;1;3;2026-10-02
"644";"Región de La Araucanía";"2025-6-1";1578;2025;2;6;2026-10-02
"645";"Región de La Araucanía";"2025-9-1";1506;2025;3;9;2026-10-02
"646";"Región de La Araucanía";"2025-12-1";1617;2025;4;12;2026-10-02
"647";"Región de La Araucanía";"2026-3-1";1667;2026;1;3;2026-10-02
"648";"Región de La Araucanía";"2026-6-1";1589;2026;2;6;2026-10-02
"649";"Región de Los Ríos";"2013-3-1";533;2013;1;3;2026-10-02
"650";"Región de Los Ríos";"2013-6-1";530;2013;2;6;2026-10-02
"651";"Región de Los Ríos";"2013-9-1";505;2013;3;9;2026-10-02
"652";"Región de Los Ríos";"2013-12-1";542;2013;4;12;2026-10-02
"653";"Región de Los Ríos";"2014-3-1";550;2014;1;3;2026-10-02
"654";"Región de Los Ríos";"2014-6-1";547;2014;2;6;2026-10-02
"655";"Región de Los Ríos";"2014-9-1";521;2014;3;9;2026-10-02
"656";"Región de Los Ríos";"2014-12-1";574;2014;4;12;2026-10-02
"657";"Región de Los Ríos";"2015-3-1";575;2015;1;3;2026-10-02
"658";"Región de Los Ríos";"2015-6-1";566;2015;2;6;2026-10-02
"659";"Región de Los Ríos";"2015-9-1";542;2015;3;9;2026-10-02
"660";"Región de Los Ríos";"2015-12-1";589;2015;4;12;2026-10-02
"661";"Región de Los Ríos";"2016-3-1";593;2016;1;3;2026-10-02
"662";"Región de Los Ríos";"2016-6-1";589;2016;2;6;2026-10-02
"663";"Región de Los Ríos";"2016-9-1";557;2016;3;9;2026-10-02
"664";"Región de Los Ríos";"2016-12-1";608;2016;4;12;2026-10-02
"665";"Región de Los Ríos";"2017-3-1";599;2017;1;3;2026-10-02
"666";"Región de Los Ríos";"2017-6-1";591;2017;2;6;2026-10-02
"667";"Región de Los Ríos";"2017-9-1";569;2017;3;9;2026-10-02
"668";"Región de Los Ríos";"2017-12-1";626;2017;4;12;2026-10-02
"669";"Región de Los Ríos";"2018-3-1";634;2018;1;3;2026-10-02
"670";"Región de Los Ríos";"2018-6-1";627;2018;2;6;2026-10-02
"671";"Región de Los Ríos";"2018-9-1";587;2018;3;9;2026-10-02
"672";"Región de Los Ríos";"2018-12-1";652;2018;4;12;2026-10-02
"673";"Región de Los Ríos";"2019-3-1";642;2019;1;3;2026-10-02
"674";"Región de Los Ríos";"2019-6-1";635;2019;2;6;2026-10-02
"675";"Región de Los Ríos";"2019-9-1";603;2019;3;9;2026-10-02
"676";"Región de Los Ríos";"2019-12-1";626;2019;4;12;2026-10-02
"677";"Región de Los Ríos";"2020-3-1";636;2020;1;3;2026-10-02
"678";"Región de Los Ríos";"2020-6-1";558;2020;2;6;2026-10-02
"679";"Región de Los Ríos";"2020-9-1";568;2020;3;9;2026-10-02
"680";"Región de Los Ríos";"2020-12-1";642;2020;4;12;2026-10-02
"681";"Región de Los Ríos";"2021-3-1";631;2021;1;3;2026-10-02
"682";"Región de Los Ríos";"2021-6-1";649;2021;2;6;2026-10-02
"683";"Región de Los Ríos";"2021-9-1";630;2021;3;9;2026-10-02
"684";"Región de Los Ríos";"2021-12-1";729;2021;4;12;2026-10-02
"685";"Región de Los Ríos";"2022-3-1";680;2022;1;3;2026-10-02
"686";"Región de Los Ríos";"2022-6-1";678;2022;2;6;2026-10-02
"687";"Región de Los Ríos";"2022-9-1";630;2022;3;9;2026-10-02
"688";"Región de Los Ríos";"2022-12-1";721;2022;4;12;2026-10-02
"689";"Región de Los Ríos";"2023-3-1";667;2023;1;3;2026-10-02
"690";"Región de Los Ríos";"2023-6-1";659;2023;2;6;2026-10-02
"691";"Región de Los Ríos";"2023-9-1";645;2023;3;9;2026-10-02
"692";"Región de Los Ríos";"2023-12-1";730;2023;4;12;2026-10-02
"693";"Región de Los Ríos";"2024-3-1";711;2024;1;3;2026-10-02
"694";"Región de Los Ríos";"2024-6-1";687;2024;2;6;2026-10-02
"695";"Región de Los Ríos";"2024-9-1";666;2024;3;9;2026-10-02
"696";"Región de Los Ríos";"2024-12-1";758;2024;4;12;2026-10-02
"697";"Región de Los Ríos";"2025-3-1";723;2025;1;3;2026-10-02
"698";"Región de Los Ríos";"2025-6-1";725;2025;2;6;2026-10-02
"699";"Región de Los Ríos";"2025-9-1";683;2025;3;9;2026-10-02
"700";"Región de Los Ríos";"2025-12-1";765;2025;4;12;2026-10-02
"701";"Región de Los Ríos";"2026-3-1";741;2026;1;3;2026-10-02
"702";"Región de Los Ríos";"2026-6-1";737;2026;2;6;2026-10-02
"703";"Región de Los Lagos";"2013-3-1";1227;2013;1;3;2026-10-02
"704";"Región de Los Lagos";"2013-6-1";1258;2013;2;6;2026-10-02
"705";"Región de Los Lagos";"2013-9-1";1167;2013;3;9;2026-10-02
"706";"Región de Los Lagos";"2013-12-1";1336;2013;4;12;2026-10-02
"707";"Región de Los Lagos";"2014-3-1";1296;2014;1;3;2026-10-02
"708";"Región de Los Lagos";"2014-6-1";1355;2014;2;6;2026-10-02
"709";"Región de Los Lagos";"2014-9-1";1266;2014;3;9;2026-10-02
"710";"Región de Los Lagos";"2014-12-1";142;2014;4;12;2026-10-02
"711";"Región de Los Lagos";"2015-3-1";1323;2015;1;3;2026-10-02
"712";"Región de Los Lagos";"2015-6-1";1364;2015;2;6;2026-10-02
"713";"Región de Los Lagos";"2015-9-1";1298;2015;3;9;2026-10-02
"714";"Región de Los Lagos";"2015-12-1";1425;2015;4;12;2026-10-02
"715";"Región de Los Lagos";"2016-3-1";1395;2016;1;3;2026-10-02
"716";"Región de Los Lagos";"2016-6-1";1373;2016;2;6;2026-10-02
"717";"Región de Los Lagos";"2016-9-1";1323;2016;3;9;2026-10-02
"718";"Región de Los Lagos";"2016-12-1";15;2016;4;12;2026-10-02
"719";"Región de Los Lagos";"2017-3-1";1458;2017;1;3;2026-10-02
"720";"Región de Los Lagos";"2017-6-1";1532;2017;2;6;2026-10-02
"721";"Región de Los Lagos";"2017-9-1";144;2017;3;9;2026-10-02
"722";"Región de Los Lagos";"2017-12-1";1594;2017;4;12;2026-10-02
"723";"Región de Los Lagos";"2018-3-1";153;2018;1;3;2026-10-02
"724";"Región de Los Lagos";"2018-6-1";1649;2018;2;6;2026-10-02
"725";"Región de Los Lagos";"2018-9-1";1535;2018;3;9;2026-10-02
"726";"Región de Los Lagos";"2018-12-1";1702;2018;4;12;2026-10-02
"727";"Región de Los Lagos";"2019-3-1";1635;2019;1;3;2026-10-02
"728";"Región de Los Lagos";"2019-6-1";1659;2019;2;6;2026-10-02
"729";"Región de Los Lagos";"2019-9-1";1603;2019;3;9;2026-10-02
"730";"Región de Los Lagos";"2019-12-1";1664;2019;4;12;2026-10-02
"731";"Región de Los Lagos";"2020-3-1";1647;2020;1;3;2026-10-02
"732";"Región de Los Lagos";"2020-6-1";1499;2020;2;6;2026-10-02
"733";"Región de Los Lagos";"2020-9-1";1462;2020;3;9;2026-10-02
"734";"Región de Los Lagos";"2020-12-1";1623;2020;4;12;2026-10-02
"735";"Región de Los Lagos";"2021-3-1";1564;2021;1;3;2026-10-02
"736";"Región de Los Lagos";"2021-6-1";1684;2021;2;6;2026-10-02
"737";"Región de Los Lagos";"2021-9-1";1658;2021;3;9;2026-10-02
"738";"Región de Los Lagos";"2021-12-1";1823;2021;4;12;2026-10-02
"739";"Región de Los Lagos";"2022-3-1";1687;2022;1;3;2026-10-02
"740";"Región de Los Lagos";"2022-6-1";1781;2022;2;6;2026-10-02
"741";"Región de Los Lagos";"2022-9-1";1684;2022;3;9;2026-10-02
"742";"Región de Los Lagos";"2022-12-1";1812;2022;4;12;2026-10-02
"743";"Región de Los Lagos";"2023-3-1";1749;2023;1;3;2026-10-02
"744";"Región de Los Lagos";"2023-6-1";1777;2023;2;6;2026-10-02
"745";"Región de Los Lagos";"2023-9-1";1704;2023;3;9;2026-10-02
"746";"Región de Los Lagos";"2023-12-1";1825;2023;4;12;2026-10-02
"747";"Región de Los Lagos";"2024-3-1";1769;2024;1;3;2026-10-02
"748";"Región de Los Lagos";"2024-6-1";1791;2024;2;6;2026-10-02
"749";"Región de Los Lagos";"2024-9-1";1726;2024;3;9;2026-10-02
"750";"Región de Los Lagos";"2024-12-1";1881;2024;4;12;2026-10-02
"751";"Región de Los Lagos";"2025-3-1";1862;2025;1;3;2026-10-02
"752";"Región de Los Lagos";"2025-6-1";1892;2025;2;6;2026-10-02
"753";"Región de Los Lagos";"2025-9-1";1816;2025;3;9;2026-10-02
"754";"Región de Los Lagos";"2025-12-1";1976;2025;4;12;2026-10-02
"755";"Región de Los Lagos";"2026-3-1";1904;2026;1;3;2026-10-02
"756";"Región de Los Lagos";"2026-6-1";1913;2026;2;6;2026-10-02
"757";"Región de Aysén del General Carlos Ibáñez del Campo";"2013-3-1";282;2013;1;3;2026-10-02
"758";"Región de Aysén del General Carlos Ibáñez del Campo";"2013-6-1";272;2013;2;6;2026-10-02
"759";"Región de Aysén del General Carlos Ibáñez del Campo";"2013-9-1";266;2013;3;9;2026-10-02
"760";"Región de Aysén del General Carlos Ibáñez del Campo";"2013-12-1";281;2013;4;12;2026-10-02
"761";"Región de Aysén del General Carlos Ibáñez del Campo";"2014-3-1";277;2014;1;3;2026-10-02
"762";"Región de Aysén del General Carlos Ibáñez del Campo";"2014-6-1";290;2014;2;6;2026-10-02
"763";"Región de Aysén del General Carlos Ibáñez del Campo";"2014-9-1";274;2014;3;9;2026-10-02
"764";"Región de Aysén del General Carlos Ibáñez del Campo";"2014-12-1";301;2014;4;12;2026-10-02
"765";"Región de Aysén del General Carlos Ibáñez del Campo";"2015-3-1";283;2015;1;3;2026-10-02
"766";"Región de Aysén del General Carlos Ibáñez del Campo";"2015-6-1";267;2015;2;6;2026-10-02
"767";"Región de Aysén del General Carlos Ibáñez del Campo";"2015-9-1";255;2015;3;9;2026-10-02
"768";"Región de Aysén del General Carlos Ibáñez del Campo";"2015-12-1";280;2015;4;12;2026-10-02
"769";"Región de Aysén del General Carlos Ibáñez del Campo";"2016-3-1";269;2016;1;3;2026-10-02
"770";"Región de Aysén del General Carlos Ibáñez del Campo";"2016-6-1";262;2016;2;6;2026-10-02
"771";"Región de Aysén del General Carlos Ibáñez del Campo";"2016-9-1";270;2016;3;9;2026-10-02
"772";"Región de Aysén del General Carlos Ibáñez del Campo";"2016-12-1";288;2016;4;12;2026-10-02
"773";"Región de Aysén del General Carlos Ibáñez del Campo";"2017-3-1";269;2017;1;3;2026-10-02
"774";"Región de Aysén del General Carlos Ibáñez del Campo";"2017-6-1";298;2017;2;6;2026-10-02
"775";"Región de Aysén del General Carlos Ibáñez del Campo";"2017-9-1";309;2017;3;9;2026-10-02
"776";"Región de Aysén del General Carlos Ibáñez del Campo";"2017-12-1";324;2017;4;12;2026-10-02
"777";"Región de Aysén del General Carlos Ibáñez del Campo";"2018-3-1";286;2018;1;3;2026-10-02
"778";"Región de Aysén del General Carlos Ibáñez del Campo";"2018-6-1";307;2018;2;6;2026-10-02
"779";"Región de Aysén del General Carlos Ibáñez del Campo";"2018-9-1";319;2018;3;9;2026-10-02
"780";"Región de Aysén del General Carlos Ibáñez del Campo";"2018-12-1";317;2018;4;12;2026-10-02
"781";"Región de Aysén del General Carlos Ibáñez del Campo";"2019-3-1";300;2019;1;3;2026-10-02
"782";"Región de Aysén del General Carlos Ibáñez del Campo";"2019-6-1";311;2019;2;6;2026-10-02
"783";"Región de Aysén del General Carlos Ibáñez del Campo";"2019-9-1";316;2019;3;9;2026-10-02
"784";"Región de Aysén del General Carlos Ibáñez del Campo";"2019-12-1";317;2019;4;12;2026-10-02
"785";"Región de Aysén del General Carlos Ibáñez del Campo";"2020-3-1";273;2020;1;3;2026-10-02
"786";"Región de Aysén del General Carlos Ibáñez del Campo";"2020-6-1";264;2020;2;6;2026-10-02
"787";"Región de Aysén del General Carlos Ibáñez del Campo";"2020-9-1";306;2020;3;9;2026-10-02
"788";"Región de Aysén del General Carlos Ibáñez del Campo";"2020-12-1";277;2020;4;12;2026-10-02
"789";"Región de Aysén del General Carlos Ibáñez del Campo";"2021-3-1";280;2021;1;3;2026-10-02
"790";"Región de Aysén del General Carlos Ibáñez del Campo";"2021-6-1";297;2021;2;6;2026-10-02
"791";"Región de Aysén del General Carlos Ibáñez del Campo";"2021-9-1";316;2021;3;9;2026-10-02
"792";"Región de Aysén del General Carlos Ibáñez del Campo";"2021-12-1";305;2021;4;12;2026-10-02
"793";"Región de Aysén del General Carlos Ibáñez del Campo";"2022-3-1";279;2022;1;3;2026-10-02
"794";"Región de Aysén del General Carlos Ibáñez del Campo";"2022-6-1";304;2022;2;6;2026-10-02
"795";"Región de Aysén del General Carlos Ibáñez del Campo";"2022-9-1";320;2022;3;9;2026-10-02
"796";"Región de Aysén del General Carlos Ibáñez del Campo";"2022-12-1";313;2022;4;12;2026-10-02
"797";"Región de Aysén del General Carlos Ibáñez del Campo";"2023-3-1";307;2023;1;3;2026-10-02
"798";"Región de Aysén del General Carlos Ibáñez del Campo";"2023-6-1";343;2023;2;6;2026-10-02
"799";"Región de Aysén del General Carlos Ibáñez del Campo";"2023-9-1";342;2023;3;9;2026-10-02
"800";"Región de Aysén del General Carlos Ibáñez del Campo";"2023-12-1";313;2023;4;12;2026-10-02
"801";"Región de Aysén del General Carlos Ibáñez del Campo";"2024-3-1";304;2024;1;3;2026-10-02
"802";"Región de Aysén del General Carlos Ibáñez del Campo";"2024-6-1";326;2024;2;6;2026-10-02
"803";"Región de Aysén del General Carlos Ibáñez del Campo";"2024-9-1";342;2024;3;9;2026-10-02
"804";"Región de Aysén del General Carlos Ibáñez del Campo";"2024-12-1";346;2024;4;12;2026-10-02
"805";"Región de Aysén del General Carlos Ibáñez del Campo";"2025-3-1";337;2025;1;3;2026-10-02
"806";"Región de Aysén del General Carlos Ibáñez del Campo";"2025-6-1";363;2025;2;6;2026-10-02
"807";"Región de Aysén del General Carlos Ibáñez del Campo";"2025-9-1";364;2025;3;9;2026-10-02
"808";"Región de Aysén del General Carlos Ibáñez del Campo";"2025-12-1";367;2025;4;12;2026-10-02
"809";"Región de Aysén del General Carlos Ibáñez del Campo";"2026-3-1";331;2026;1;3;2026-10-02
"810";"Región de Aysén del General Carlos Ibáñez del Campo";"2026-6-1";347;2026;2;6;2026-10-02
"811";"Región de Magallanes y de la Antártica Chilena";"2013-3-1";387;2013;1;3;2026-10-02
"812";"Región de Magallanes y de la Antártica Chilena";"2013-6-1";389;2013;2;6;2026-10-02
"813";"Región de Magallanes y de la Antártica Chilena";"2013-9-1";383;2013;3;9;2026-10-02
"814";"Región de Magallanes y de la Antártica Chilena";"2013-12-1";436;2013;4;12;2026-10-02
"815";"Región de Magallanes y de la Antártica Chilena";"2014-3-1";438;2014;1;3;2026-10-02
"816";"Región de Magallanes y de la Antártica Chilena";"2014-6-1";415;2014;2;6;2026-10-02
"817";"Región de Magallanes y de la Antártica Chilena";"2014-9-1";400;2014;3;9;2026-10-02
"818";"Región de Magallanes y de la Antártica Chilena";"2014-12-1";437;2014;4;12;2026-10-02
"819";"Región de Magallanes y de la Antártica Chilena";"2015-3-1";439;2015;1;3;2026-10-02
"820";"Región de Magallanes y de la Antártica Chilena";"2015-6-1";415;2015;2;6;2026-10-02
"821";"Región de Magallanes y de la Antártica Chilena";"2015-9-1";403;2015;3;9;2026-10-02
"822";"Región de Magallanes y de la Antártica Chilena";"2015-12-1";469;2015;4;12;2026-10-02
"823";"Región de Magallanes y de la Antártica Chilena";"2016-3-1";458;2016;1;3;2026-10-02
"824";"Región de Magallanes y de la Antártica Chilena";"2016-6-1";443;2016;2;6;2026-10-02
"825";"Región de Magallanes y de la Antártica Chilena";"2016-9-1";433;2016;3;9;2026-10-02
"826";"Región de Magallanes y de la Antártica Chilena";"2016-12-1";484;2016;4;12;2026-10-02
"827";"Región de Magallanes y de la Antártica Chilena";"2017-3-1";481;2017;1;3;2026-10-02
"828";"Región de Magallanes y de la Antártica Chilena";"2017-6-1";451;2017;2;6;2026-10-02
"829";"Región de Magallanes y de la Antártica Chilena";"2017-9-1";431;2017;3;9;2026-10-02
"830";"Región de Magallanes y de la Antártica Chilena";"2017-12-1";498;2017;4;12;2026-10-02
"831";"Región de Magallanes y de la Antártica Chilena";"2018-3-1";465;2018;1;3;2026-10-02
"832";"Región de Magallanes y de la Antártica Chilena";"2018-6-1";454;2018;2;6;2026-10-02
"833";"Región de Magallanes y de la Antártica Chilena";"2018-9-1";434;2018;3;9;2026-10-02
"834";"Región de Magallanes y de la Antártica Chilena";"2018-12-1";488;2018;4;12;2026-10-02
"835";"Región de Magallanes y de la Antártica Chilena";"2019-3-1";490;2019;1;3;2026-10-02
"836";"Región de Magallanes y de la Antártica Chilena";"2019-6-1";483;2019;2;6;2026-10-02
"837";"Región de Magallanes y de la Antártica Chilena";"2019-9-1";455;2019;3;9;2026-10-02
"838";"Región de Magallanes y de la Antártica Chilena";"2019-12-1";503;2019;4;12;2026-10-02
"839";"Región de Magallanes y de la Antártica Chilena";"2020-3-1";502;2020;1;3;2026-10-02
"840";"Región de Magallanes y de la Antártica Chilena";"2020-6-1";396;2020;2;6;2026-10-02
"841";"Región de Magallanes y de la Antártica Chilena";"2020-9-1";376;2020;3;9;2026-10-02
"842";"Región de Magallanes y de la Antártica Chilena";"2020-12-1";411;2020;4;12;2026-10-02
"843";"Región de Magallanes y de la Antártica Chilena";"2021-3-1";426;2021;1;3;2026-10-02
"844";"Región de Magallanes y de la Antártica Chilena";"2021-6-1";439;2021;2;6;2026-10-02
"845";"Región de Magallanes y de la Antártica Chilena";"2021-9-1";443;2021;3;9;2026-10-02
"846";"Región de Magallanes y de la Antártica Chilena";"2021-12-1";499;2021;4;12;2026-10-02
"847";"Región de Magallanes y de la Antártica Chilena";"2022-3-1";472;2022;1;3;2026-10-02
"848";"Región de Magallanes y de la Antártica Chilena";"2022-6-1";475;2022;2;6;2026-10-02
"849";"Región de Magallanes y de la Antártica Chilena";"2022-9-1";457;2022;3;9;2026-10-02
"850";"Región de Magallanes y de la Antártica Chilena";"2022-12-1";503;2022;4;12;2026-10-02
"851";"Región de Magallanes y de la Antártica Chilena";"2023-3-1";479;2023;1;3;2026-10-02
"852";"Región de Magallanes y de la Antártica Chilena";"2023-6-1";470;2023;2;6;2026-10-02
"853";"Región de Magallanes y de la Antártica Chilena";"2023-9-1";462;2023;3;9;2026-10-02
"854";"Región de Magallanes y de la Antártica Chilena";"2023-12-1";518;2023;4;12;2026-10-02
"855";"Región de Magallanes y de la Antártica Chilena";"2024-3-1";520;2024;1;3;2026-10-02
"856";"Región de Magallanes y de la Antártica Chilena";"2024-6-1";489;2024;2;6;2026-10-02
"857";"Región de Magallanes y de la Antártica Chilena";"2024-9-1";474;2024;3;9;2026-10-02
"858";"Región de Magallanes y de la Antártica Chilena";"2024-12-1";554;2024;4;12;2026-10-02
"859";"Región de Magallanes y de la Antártica Chilena";"2025-3-1";558;2025;1;3;2026-10-02
"860";"Región de Magallanes y de la Antártica Chilena";"2025-6-1";529;2025;2;6;2026-10-02
"861";"Región de Magallanes y de la Antártica Chilena";"2025-9-1";500;2025;3;9;2026-10-02
"862";"Región de Magallanes y de la Antártica Chilena";"2025-12-1";539;2025;4;12;2026-10-02
"863";"Región de Magallanes y de la Antártica Chilena";"2026-3-1";550;2026;1;3;2026-10-02
"864";"Región de Magallanes y de la Antártica Chilena";"2026-6-1";519;2026;2;6;2026-10-02
"865";"Subtotal regionalizado";"2013-3-1";37312;2013;1;3;2026-10-02
"866";"Subtotal regionalizado";"2013-6-1";38555;2013;2;6;2026-10-02
"867";"Subtotal regionalizado";"2013-9-1";36778;2013;3;9;2026-10-02
"868";"Subtotal regionalizado";"2013-12-1";40174;2013;4;12;2026-10-02
"869";"Subtotal regionalizado";"2014-3-1";38182;2014;1;3;2026-10-02
"870";"Subtotal regionalizado";"2014-6-1";3924;2014;2;6;2026-10-02
"871";"Subtotal regionalizado";"2014-9-1";37307;2014;3;9;2026-10-02
"872";"Subtotal regionalizado";"2014-12-1";40856;2014;4;12;2026-10-02
"873";"Subtotal regionalizado";"2015-3-1";39166;2015;1;3;2026-10-02
"874";"Subtotal regionalizado";"2015-6-1";40069;2015;2;6;2026-10-02
"875";"Subtotal regionalizado";"2015-9-1";38157;2015;3;9;2026-10-02
"876";"Subtotal regionalizado";"2015-12-1";41536;2015;4;12;2026-10-02
"877";"Subtotal regionalizado";"2016-3-1";40377;2016;1;3;2026-10-02
"878";"Subtotal regionalizado";"2016-6-1";40529;2016;2;6;2026-10-02
"879";"Subtotal regionalizado";"2016-9-1";3886;2016;3;9;2026-10-02
"880";"Subtotal regionalizado";"2016-12-1";4183;2016;4;12;2026-10-02
"881";"Subtotal regionalizado";"2017-3-1";4004;2017;1;3;2026-10-02
"882";"Subtotal regionalizado";"2017-6-1";40704;2017;2;6;2026-10-02
"883";"Subtotal regionalizado";"2017-9-1";39564;2017;3;9;2026-10-02
"884";"Subtotal regionalizado";"2017-12-1";43087;2017;4;12;2026-10-02
"885";"Subtotal regionalizado";"2018-3-1";41928;2018;1;3;2026-10-02
"886";"Subtotal regionalizado";"2018-6-1";42857;2018;2;6;2026-10-02
"887";"Subtotal regionalizado";"2018-9-1";40495;2018;3;9;2026-10-02
"888";"Subtotal regionalizado";"2018-12-1";4472;2018;4;12;2026-10-02
"889";"Subtotal regionalizado";"2019-3-1";42418;2019;1;3;2026-10-02
"890";"Subtotal regionalizado";"2019-6-1";43545;2019;2;6;2026-10-02
"891";"Subtotal regionalizado";"2019-9-1";41742;2019;3;9;2026-10-02
"892";"Subtotal regionalizado";"2019-12-1";43534;2019;4;12;2026-10-02
"893";"Subtotal regionalizado";"2020-3-1";42285;2020;1;3;2026-10-02
"894";"Subtotal regionalizado";"2020-6-1";37289;2020;2;6;2026-10-02
"895";"Subtotal regionalizado";"2020-9-1";37756;2020;3;9;2026-10-02
"896";"Subtotal regionalizado";"2020-12-1";433;2020;4;12;2026-10-02
"897";"Subtotal regionalizado";"2021-3-1";42153;2021;1;3;2026-10-02
"898";"Subtotal regionalizado";"2021-6-1";43467;2021;2;6;2026-10-02
"899";"Subtotal regionalizado";"2021-9-1";43406;2021;3;9;2026-10-02
"900";"Subtotal regionalizado";"2021-12-1";48026;2021;4;12;2026-10-02
"901";"Subtotal regionalizado";"2022-3-1";44372;2022;1;3;2026-10-02
"902";"Subtotal regionalizado";"2022-6-1";45514;2022;2;6;2026-10-02
"903";"Subtotal regionalizado";"2022-9-1";43735;2022;3;9;2026-10-02
"904";"Subtotal regionalizado";"2022-12-1";4757;2022;4;12;2026-10-02
"905";"Subtotal regionalizado";"2023-3-1";44846;2023;1;3;2026-10-02
"906";"Subtotal regionalizado";"2023-6-1";45701;2023;2;6;2026-10-02
"907";"Subtotal regionalizado";"2023-9-1";44741;2023;3;9;2026-10-02
"908";"Subtotal regionalizado";"2023-12-1";48658;2023;4;12;2026-10-02
"909";"Subtotal regionalizado";"2024-3-1";46577;2024;1;3;2026-10-02
"910";"Subtotal regionalizado";"2024-6-1";46367;2024;2;6;2026-10-02
"911";"Subtotal regionalizado";"2024-9-1";45936;2024;3;9;2026-10-02
"912";"Subtotal regionalizado";"2024-12-1";50877;2024;4;12;2026-10-02
"913";"Subtotal regionalizado";"2025-3-1";48006;2025;1;3;2026-10-02
"914";"Subtotal regionalizado";"2025-6-1";48139;2025;2;6;2026-10-02
"915";"Subtotal regionalizado";"2025-9-1";46631;2025;3;9;2026-10-02
"916";"Subtotal regionalizado";"2025-12-1";51552;2025;4;12;2026-10-02
"917";"Subtotal regionalizado";"2026-3-1";47718;2026;1;3;2026-10-02
"918";"Subtotal regionalizado";"2026-6-1";48045;2026;2;6;2026-10-02
"919";"Extrarregional";"2013-3-1";4008;2013;1;3;2026-10-02
"920";"Extrarregional";"2013-6-1";418;2013;2;6;2026-10-02
"921";"Extrarregional";"2013-9-1";4226;2013;3;9;2026-10-02
"922";"Extrarregional";"2013-12-1";4633;2013;4;12;2026-10-02
"923";"Extrarregional";"2014-3-1";4154;2014;1;3;2026-10-02
"924";"Extrarregional";"2014-6-1";4224;2014;2;6;2026-10-02
"925";"Extrarregional";"2014-9-1";4233;2014;3;9;2026-10-02
"926";"Extrarregional";"2014-12-1";4719;2014;4;12;2026-10-02
"927";"Extrarregional";"2015-3-1";4229;2015;1;3;2026-10-02
"928";"Extrarregional";"2015-6-1";4285;2015;2;6;2026-10-02
"929";"Extrarregional";"2015-9-1";4323;2015;3;9;2026-10-02
"930";"Extrarregional";"2015-12-1";4868;2015;4;12;2026-10-02
"931";"Extrarregional";"2016-3-1";4314;2016;1;3;2026-10-02
"932";"Extrarregional";"2016-6-1";4387;2016;2;6;2026-10-02
"933";"Extrarregional";"2016-9-1";4464;2016;3;9;2026-10-02
"934";"Extrarregional";"2016-12-1";4967;2016;4;12;2026-10-02
"935";"Extrarregional";"2017-3-1";4494;2017;1;3;2026-10-02
"936";"Extrarregional";"2017-6-1";4531;2017;2;6;2026-10-02
"937";"Extrarregional";"2017-9-1";4579;2017;3;9;2026-10-02
"938";"Extrarregional";"2017-12-1";5169;2017;4;12;2026-10-02
"939";"Extrarregional";"2018-3-1";4645;2018;1;3;2026-10-02
"940";"Extrarregional";"2018-6-1";4793;2018;2;6;2026-10-02
"941";"Extrarregional";"2018-9-1";4705;2018;3;9;2026-10-02
"942";"Extrarregional";"2018-12-1";5292;2018;4;12;2026-10-02
"943";"Extrarregional";"2019-3-1";4741;2019;1;3;2026-10-02
"944";"Extrarregional";"2019-6-1";4828;2019;2;6;2026-10-02
"945";"Extrarregional";"2019-9-1";4775;2019;3;9;2026-10-02
"946";"Extrarregional";"2019-12-1";507;2019;4;12;2026-10-02
"947";"Extrarregional";"2020-3-1";4686;2020;1;3;2026-10-02
"948";"Extrarregional";"2020-6-1";3811;2020;2;6;2026-10-02
"949";"Extrarregional";"2020-9-1";4463;2020;3;9;2026-10-02
"950";"Extrarregional";"2020-12-1";536;2020;4;12;2026-10-02
"951";"Extrarregional";"2021-3-1";503;2021;1;3;2026-10-02
"952";"Extrarregional";"2021-6-1";5204;2021;2;6;2026-10-02
"953";"Extrarregional";"2021-9-1";5697;2021;3;9;2026-10-02
"954";"Extrarregional";"2021-12-1";6339;2021;4;12;2026-10-02
"955";"Extrarregional";"2022-3-1";5635;2022;1;3;2026-10-02
"956";"Extrarregional";"2022-6-1";5475;2022;2;6;2026-10-02
"957";"Extrarregional";"2022-9-1";5422;2022;3;9;2026-10-02
"958";"Extrarregional";"2022-12-1";5687;2022;4;12;2026-10-02
"959";"Extrarregional";"2023-3-1";5111;2023;1;3;2026-10-02
"960";"Extrarregional";"2023-6-1";5084;2023;2;6;2026-10-02
"961";"Extrarregional";"2023-9-1";5072;2023;3;9;2026-10-02
"962";"Extrarregional";"2023-12-1";5489;2023;4;12;2026-10-02
"963";"Extrarregional";"2024-3-1";5117;2024;1;3;2026-10-02
"964";"Extrarregional";"2024-6-1";5018;2024;2;6;2026-10-02
"965";"Extrarregional";"2024-9-1";5065;2024;3;9;2026-10-02
"966";"Extrarregional";"2024-12-1";5491;2024;4;12;2026-10-02
"967";"Extrarregional";"2025-3-1";5201;2025;1;3;2026-10-02
"968";"Extrarregional";"2025-6-1";5167;2025;2;6;2026-10-02
"969";"Extrarregional";"2025-9-1";5238;2025;3;9;2026-10-02
"970";"Extrarregional";"2025-12-1";5688;2025;4;12;2026-10-02
"971";"Extrarregional";"2026-3-1";5318;2026;1;3;2026-10-02
"972";"Extrarregional";"2026-6-1";5157;2026;2;6;2026-10-02
"973";"Producto Interno Bruto";"2013-3-1";41321;2013;1;3;2026-10-02
"974";"Producto Interno Bruto";"2013-6-1";42736;2013;2;6;2026-10-02
"975";"Producto Interno Bruto";"2013-9-1";41003;2013;3;9;2026-10-02
"976";"Producto Interno Bruto";"2013-12-1";44804;2013;4;12;2026-10-02
"977";"Producto Interno Bruto";"2014-3-1";42336;2014;1;3;2026-10-02
"978";"Producto Interno Bruto";"2014-6-1";43464;2014;2;6;2026-10-02
"979";"Producto Interno Bruto";"2014-9-1";41538;2014;3;9;2026-10-02
"980";"Producto Interno Bruto";"2014-12-1";45571;2014;4;12;2026-10-02
"981";"Producto Interno Bruto";"2015-3-1";43393;2015;1;3;2026-10-02
"982";"Producto Interno Bruto";"2015-6-1";44353;2015;2;6;2026-10-02
"983";"Producto Interno Bruto";"2015-9-1";42479;2015;3;9;2026-10-02
"984";"Producto Interno Bruto";"2015-12-1";46404;2015;4;12;2026-10-02
"985";"Producto Interno Bruto";"2016-3-1";44689;2016;1;3;2026-10-02
"986";"Producto Interno Bruto";"2016-6-1";44914;2016;2;6;2026-10-02
"987";"Producto Interno Bruto";"2016-9-1";43325;2016;3;9;2026-10-02
"988";"Producto Interno Bruto";"2016-12-1";46799;2016;4;12;2026-10-02
"989";"Producto Interno Bruto";"2017-3-1";44533;2017;1;3;2026-10-02
"990";"Producto Interno Bruto";"2017-6-1";45234;2017;2;6;2026-10-02
"991";"Producto Interno Bruto";"2017-9-1";44143;2017;3;9;2026-10-02
"992";"Producto Interno Bruto";"2017-12-1";48256;2017;4;12;2026-10-02
"993";"Producto Interno Bruto";"2018-3-1";46576;2018;1;3;2026-10-02
"994";"Producto Interno Bruto";"2018-6-1";47652;2018;2;6;2026-10-02
"995";"Producto Interno Bruto";"2018-9-1";45199;2018;3;9;2026-10-02
"996";"Producto Interno Bruto";"2018-12-1";50008;2018;4;12;2026-10-02
"997";"Producto Interno Bruto";"2019-3-1";4716;2019;1;3;2026-10-02
"998";"Producto Interno Bruto";"2019-6-1";48373;2019;2;6;2026-10-02
"999";"Producto Interno Bruto";"2019-9-1";46518;2019;3;9;2026-10-02
"1000";"Producto Interno Bruto";"2019-12-1";48605;2019;4;12;2026-10-02
"1001";"Producto Interno Bruto";"2020-3-1";46973;2020;1;3;2026-10-02
"1002";"Producto Interno Bruto";"2020-6-1";41106;2020;2;6;2026-10-02
"1003";"Producto Interno Bruto";"2020-9-1";42217;2020;3;9;2026-10-02
"1004";"Producto Interno Bruto";"2020-12-1";48655;2020;4;12;2026-10-02
"1005";"Producto Interno Bruto";"2021-3-1";47174;2021;1;3;2026-10-02
"1006";"Producto Interno Bruto";"2021-6-1";48661;2021;2;6;2026-10-02
"1007";"Producto Interno Bruto";"2021-9-1";49073;2021;3;9;2026-10-02
"1008";"Producto Interno Bruto";"2021-12-1";5433;2021;4;12;2026-10-02
"1009";"Producto Interno Bruto";"2022-3-1";49984;2022;1;3;2026-10-02
"1010";"Producto Interno Bruto";"2022-6-1";50978;2022;2;6;2026-10-02
"1011";"Producto Interno Bruto";"2022-9-1";4914;2022;3;9;2026-10-02
"1012";"Producto Interno Bruto";"2022-12-1";53247;2022;4;12;2026-10-02
"1013";"Producto Interno Bruto";"2023-3-1";49961;2023;1;3;2026-10-02
"1014";"Producto Interno Bruto";"2023-6-1";50794;2023;2;6;2026-10-02
"1015";"Producto Interno Bruto";"2023-9-1";49818;2023;3;9;2026-10-02
"1016";"Producto Interno Bruto";"2023-12-1";54154;2023;4;12;2026-10-02
"1017";"Producto Interno Bruto";"2024-3-1";51699;2024;1;3;2026-10-02
"1018";"Producto Interno Bruto";"2024-6-1";51391;2024;2;6;2026-10-02
"1019";"Producto Interno Bruto";"2024-9-1";51007;2024;3;9;2026-10-02
"1020";"Producto Interno Bruto";"2024-12-1";56373;2024;4;12;2026-10-02
"1021";"Producto Interno Bruto";"2025-3-1";53213;2025;1;3;2026-10-02
"1022";"Producto Interno Bruto";"2025-6-1";5331;2025;2;6;2026-10-02
"1023";"Producto Interno Bruto";"2025-9-1";51876;2025;3;9;2026-10-02
"1024";"Producto Interno Bruto";"2025-12-1";57247;2025;4;12;2026-10-02
"1025";"Producto Interno Bruto";"2026-3-1";5304;2026;1;3;2026-10-02
"1026";"Producto Interno Bruto";"2026-6-1";53211;2026;2;6;2026-10-02
