"";"serie";"fecha";"valor";"año";"mes";"fecha_scraping"
"1";"Índice de remuneraciones";"2023-1-1";98,01;2023;1;2026-09-09
"2";"Índice de remuneraciones";"2023-2-1";97,47;2023;2;2026-09-09
"3";"Índice de remuneraciones";"2023-3-1";98,07;2023;3;2026-09-09
"4";"Índice de remuneraciones";"2023-4-1";98,73;2023;4;2026-09-09
"5";"Índice de remuneraciones";"2023-5-1";98,94;2023;5;2026-09-09
"6";"Índice de remuneraciones";"2023-6-1";99,89;2023;6;2026-09-09
"7";"Índice de remuneraciones";"2023-7-1";100,29;2023;7;2026-09-09
"8";"Índice de remuneraciones";"2023-8-1";100,34;2023;8;2026-09-09
"9";"Índice de remuneraciones";"2023-9-1";101,83;2023;9;2026-09-09
"10";"Índice de remuneraciones";"2023-10-1";101,52;2023;10;2026-09-09
"11";"Índice de remuneraciones";"2023-11-1";101,58;2023;11;2026-09-09
"12";"Índice de remuneraciones";"2023-12-1";103,3;2023;12;2026-09-09
"13";"Índice de remuneraciones";"2024-1-1";104,08;2024;1;2026-09-09
"14";"Índice de remuneraciones";"2024-2-1";103,77;2024;2;2026-09-09
"15";"Índice de remuneraciones";"2024-3-1";104,82;2024;3;2026-09-09
"16";"Índice de remuneraciones";"2024-4-1";105,27;2024;4;2026-09-09
"17";"Índice de remuneraciones";"2024-5-1";105,7;2024;5;2026-09-09
"18";"Índice de remuneraciones";"2024-6-1";106,97;2024;6;2026-09-09
"19";"Índice de remuneraciones";"2024-7-1";108,68;2024;7;2026-09-09
"20";"Índice de remuneraciones";"2024-8-1";109,1;2024;8;2026-09-09
"21";"Índice de remuneraciones";"2024-9-1";109,84;2024;9;2026-09-09
"22";"Índice de remuneraciones";"2024-10-1";109,97;2024;10;2026-09-09
"23";"Índice de remuneraciones";"2024-11-1";110,24;2024;11;2026-09-09
"24";"Índice de remuneraciones";"2024-12-1";111,01;2024;12;2026-09-09
"25";"Índice de remuneraciones";"2025-1-1";112,8;2025;1;2026-09-09
"26";"Índice de remuneraciones";"2025-2-1";112,91;2025;2;2026-09-09
"27";"Índice de remuneraciones";"2025-3-1";113,48;2025;3;2026-09-09
"28";"Índice de remuneraciones";"2025-4-1";113,85;2025;4;2026-09-09
"29";"Índice de remuneraciones";"2025-5-1";114,22;2025;5;2026-09-09
"30";"Índice de remuneraciones";"2025-6-1";115;2025;6;2026-09-09
"31";"Índice de remuneraciones";"2025-7-1";115,57;2025;7;2026-09-09
"32";"Índice de remuneraciones";"2025-8-1";115,79;2025;8;2026-09-09
"33";"Índice de remuneraciones";"2025-9-1";116,28;2025;9;2026-09-09
"34";"Índice de remuneraciones";"2025-10-1";116,5;2025;10;2026-09-09
"35";"Índice de remuneraciones";"2025-11-1";116,86;2025;11;2026-09-09
"36";"Índice de remuneraciones";"2025-12-1";117,74;2025;12;2026-09-09
"37";"Índice de remuneraciones";"2026-1-1";118,35;2026;1;2026-09-09
"38";"Índice de remuneraciones";"2026-2-1";118,55;2026;2;2026-09-09
"39";"Índice de remuneraciones";"2026-3-1";119,33;2026;3;2026-09-09
"40";"Índice de remuneraciones";"2026-4-1";120,29;2026;4;2026-09-09
"41";"Índice de remuneraciones";"2026-5-1";122,6;2026;5;2026-09-09
"42";"Índice de remuneraciones";"2026-6-1";123,91;2026;6;2026-09-09
"43";"Índice de remuneraciones";"2026-7-1";124,6;2026;7;2026-09-09
"44";"Índice real de remuneraciones";"2023-1-1";100,02;2023;1;2026-09-09
"45";"Índice real de remuneraciones";"2023-2-1";99,53;2023;2;2026-09-09
"46";"Índice real de remuneraciones";"2023-3-1";99,06;2023;3;2026-09-09
"47";"Índice real de remuneraciones";"2023-4-1";99,43;2023;4;2026-09-09
"48";"Índice real de remuneraciones";"2023-5-1";99,53;2023;5;2026-09-09
"49";"Índice real de remuneraciones";"2023-6-1";100,64;2023;6;2026-09-09
"50";"Índice real de remuneraciones";"2023-7-1";100,69;2023;7;2026-09-09
"51";"Índice real de remuneraciones";"2023-8-1";100,62;2023;8;2026-09-09
"52";"Índice real de remuneraciones";"2023-9-1";101,43;2023;9;2026-09-09
"53";"Índice real de remuneraciones";"2023-10-1";100,68;2023;10;2026-09-09
"54";"Índice real de remuneraciones";"2023-11-1";99,99;2023;11;2026-09-09
"55";"Índice real de remuneraciones";"2023-12-1";102,23;2023;12;2026-09-09
"56";"Índice real de remuneraciones";"2024-1-1";102,32;2024;1;2026-09-09
"57";"Índice real de remuneraciones";"2024-2-1";101,42;2024;2;2026-09-09
"58";"Índice real de remuneraciones";"2024-3-1";102,07;2024;3;2026-09-09
"59";"Índice real de remuneraciones";"2024-4-1";101,96;2024;4;2026-09-09
"60";"Índice real de remuneraciones";"2024-5-1";102,11;2024;5;2026-09-09
"61";"Índice real de remuneraciones";"2024-6-1";103,43;2024;6;2026-09-09
"62";"Índice real de remuneraciones";"2024-7-1";104,32;2024;7;2026-09-09
"63";"Índice real de remuneraciones";"2024-8-1";104,45;2024;8;2026-09-09
"64";"Índice real de remuneraciones";"2024-9-1";105,07;2024;9;2026-09-09
"65";"Índice real de remuneraciones";"2024-10-1";104,17;2024;10;2026-09-09
"66";"Índice real de remuneraciones";"2024-11-1";104,17;2024;11;2026-09-09
"67";"Índice real de remuneraciones";"2024-12-1";105,11;2024;12;2026-09-09
"68";"Índice real de remuneraciones";"2025-1-1";105,68;2025;1;2026-09-09
"69";"Índice real de remuneraciones";"2025-2-1";105,36;2025;2;2026-09-09
"70";"Índice real de remuneraciones";"2025-3-1";105,36;2025;3;2026-09-09
"71";"Índice real de remuneraciones";"2025-4-1";105,51;2025;4;2026-09-09
"72";"Índice real de remuneraciones";"2025-5-1";105,64;2025;5;2026-09-09
"73";"Índice real de remuneraciones";"2025-6-1";106,8;2025;6;2026-09-09
"74";"Índice real de remuneraciones";"2025-7-1";106,39;2025;7;2026-09-09
"75";"Índice real de remuneraciones";"2025-8-1";106,56;2025;8;2026-09-09
"76";"Índice real de remuneraciones";"2025-9-1";106,54;2025;9;2026-09-09
"77";"Índice real de remuneraciones";"2025-10-1";106,69;2025;10;2026-09-09
"78";"Índice real de remuneraciones";"2025-11-1";106,75;2025;11;2026-09-09
"79";"Índice real de remuneraciones";"2025-12-1";107,76;2025;12;2026-09-09
"80";"Índice real de remuneraciones";"2026-1-1";107,87;2026;1;2026-09-09
"81";"Índice real de remuneraciones";"2026-2-1";108,07;2026;2;2026-09-09
"82";"Índice real de remuneraciones";"2026-3-1";107,74;2026;3;2026-09-09
"83";"Índice real de remuneraciones";"2026-4-1";107,23;2026;4;2026-09-09
"84";"Índice real de remuneraciones";"2026-5-1";109,11;2026;5;2026-09-09
"85";"Índice real de remuneraciones";"2026-6-1";110,29;2026;6;2026-09-09
"86";"Índice real de remuneraciones";"2026-7-1";110,8;2026;7;2026-09-09
"87";"Índice de Costos Laborales";"2023-1-1";97,77;2023;1;2026-09-09
"88";"Índice de Costos Laborales";"2023-2-1";97,1;2023;2;2026-09-09
"89";"Índice de Costos Laborales";"2023-3-1";97,99;2023;3;2026-09-09
"90";"Índice de Costos Laborales";"2023-4-1";98,67;2023;4;2026-09-09
"91";"Índice de Costos Laborales";"2023-5-1";98,92;2023;5;2026-09-09
"92";"Índice de Costos Laborales";"2023-6-1";99,86;2023;6;2026-09-09
"93";"Índice de Costos Laborales";"2023-7-1";100,39;2023;7;2026-09-09
"94";"Índice de Costos Laborales";"2023-8-1";100,51;2023;8;2026-09-09
"95";"Índice de Costos Laborales";"2023-9-1";102,2;2023;9;2026-09-09
"96";"Índice de Costos Laborales";"2023-10-1";101,41;2023;10;2026-09-09
"97";"Índice de Costos Laborales";"2023-11-1";101,55;2023;11;2026-09-09
"98";"Índice de Costos Laborales";"2023-12-1";103,63;2023;12;2026-09-09
"99";"Índice de Costos Laborales";"2024-1-1";103,84;2024;1;2026-09-09
"100";"Índice de Costos Laborales";"2024-2-1";103,32;2024;2;2026-09-09
"101";"Índice de Costos Laborales";"2024-3-1";104,69;2024;3;2026-09-09
"102";"Índice de Costos Laborales";"2024-4-1";105,29;2024;4;2026-09-09
"103";"Índice de Costos Laborales";"2024-5-1";105,64;2024;5;2026-09-09
"104";"Índice de Costos Laborales";"2024-6-1";106,89;2024;6;2026-09-09
"105";"Índice de Costos Laborales";"2024-7-1";109,16;2024;7;2026-09-09
"106";"Índice de Costos Laborales";"2024-8-1";109,48;2024;8;2026-09-09
"107";"Índice de Costos Laborales";"2024-9-1";110,46;2024;9;2026-09-09
"108";"Índice de Costos Laborales";"2024-10-1";110,08;2024;10;2026-09-09
"109";"Índice de Costos Laborales";"2024-11-1";110,4;2024;11;2026-09-09
"110";"Índice de Costos Laborales";"2024-12-1";111,67;2024;12;2026-09-09
"111";"Índice de Costos Laborales";"2025-1-1";112,68;2025;1;2026-09-09
"112";"Índice de Costos Laborales";"2025-2-1";112,64;2025;2;2026-09-09
"113";"Índice de Costos Laborales";"2025-3-1";113,45;2025;3;2026-09-09
"114";"Índice de Costos Laborales";"2025-4-1";114,12;2025;4;2026-09-09
"115";"Índice de Costos Laborales";"2025-5-1";114,52;2025;5;2026-09-09
"116";"Índice de Costos Laborales";"2025-6-1";115,3;2025;6;2026-09-09
"117";"Índice de Costos Laborales";"2025-7-1";115,96;2025;7;2026-09-09
"118";"Índice de Costos Laborales";"2025-8-1";116,71;2025;8;2026-09-09
"119";"Índice de Costos Laborales";"2025-9-1";117,59;2025;9;2026-09-09
"120";"Índice de Costos Laborales";"2025-10-1";117,33;2025;10;2026-09-09
"121";"Índice de Costos Laborales";"2025-11-1";117,66;2025;11;2026-09-09
"122";"Índice de Costos Laborales";"2025-12-1";119,29;2025;12;2026-09-09
"123";"Índice de Costos Laborales";"2026-1-1";119,2;2026;1;2026-09-09
"124";"Índice de Costos Laborales";"2026-2-1";119,29;2026;2;2026-09-09
"125";"Índice de Costos Laborales";"2026-3-1";120,37;2026;3;2026-09-09
"126";"Índice de Costos Laborales";"2026-4-1";121,38;2026;4;2026-09-09
"127";"Índice de Costos Laborales";"2026-5-1";123,59;2026;5;2026-09-09
"128";"Índice de Costos Laborales";"2026-6-1";125,05;2026;6;2026-09-09
"129";"Índice de Costos Laborales";"2026-7-1";126,07;2026;7;2026-09-09
